"Species"	"Genes"	"Alg.-Conn."	"SA101588.ffn"	"SAN315_curated_for_portho.fasta"
2	5	0.161	"SA101588_01776,SA101588_01817,SA101588_01933"	"SAS089(-),SAS092(+)"
2	4	0.143	"SA101588_02341,SA101588_01581"	"SA0133(+),SA1939(-)"
2	3	0.333	"SA101588_01318"	"SA0391(+),SA1626(-)"
2	2	1	"SA101588_00001"	"SA0523(-)"
2	2	1	"SA101588_00002"	"SA0524(-)"
2	2	1	"SA101588_00003"	"SA0525(-)"
2	2	1	"SA101588_00004"	"SA0526(-)"
2	2	1	"SA101588_00005"	"SA0527(+)"
2	2	1	"SA101588_00006"	"SA0528(+)"
2	2	1	"SA101588_00007"	"SA0529(+)"
2	2	1	"SA101588_00008"	"SA0530(+)"
2	2	1	"SA101588_00009"	"SA0531(+)"
2	2	1	"SA101588_00010"	"SA0533(+)"
2	2	1	"SA101588_00011"	"SA0534(+)"
2	2	1	"SA101588_00012"	"SA0535(+)"
2	2	1	"SA101588_00013"	"SA0536(+)"
2	2	1	"SA101588_00014"	"SAS016(-)"
2	2	1	"SA101588_00015"	"SA0537(-)"
2	2	1	"SA101588_00016"	"SA0538(+)"
2	2	1	"SA101588_00017"	"SA0539(+)"
2	2	1	"SA101588_00018"	"SA0540(+)"
2	2	1	"SA101588_00019"	"SA0541(+)"
2	2	1	"SA101588_00020"	"SA0542(-)"
2	2	1	"SA101588_00021"	"SA0543(-)"
2	2	1	"SA101588_00023"	"SA0544(-)"
2	2	1	"SA101588_00024"	"SA0545(+)"
2	2	1	"SA101588_00025"	"SA0546(+)"
2	2	1	"SA101588_00026"	"SA0547(+)"
2	2	1	"SA101588_00027"	"SA0548(+)"
2	2	1	"SA101588_00028"	"SA0549(+)"
2	2	1	"SA101588_00029"	"SA0550(+)"
2	2	1	"SA101588_00030"	"SA0551(-)"
2	2	1	"SA101588_00031"	"SA0552(-)"
2	2	1	"SA101588_00032"	"SA0553(+)"
2	2	1	"SA101588_00036"	"SA0555(+)"
2	2	1	"SA101588_00037"	"SA0554(+)"
2	2	1	"SA101588_00044"	"SA0557(+)"
2	2	1	"SA101588_00045"	"SAS005(-)"
2	2	1	"SA101588_00046"	"SA0558(+)"
2	2	1	"SA101588_00047"	"SA0559(+)"
2	2	1	"SA101588_00048"	"SA0560(+)"
2	2	1	"SA101588_00049"	"SA0561(+)"
2	2	1	"SA101588_00050"	"SA0562(+)"
2	2	1	"SA101588_00051"	"SA0563(+)"
2	2	1	"SA101588_00052"	"SA0564(+)"
2	2	1	"SA101588_00053"	"SA0565(+)"
2	2	1	"SA101588_00054"	"SA0566(+)"
2	2	1	"SA101588_00055"	"SA0567(+)"
2	2	1	"SA101588_00056"	"SA0568(+)"
2	2	1	"SA101588_00057"	"SA0569(+)"
2	2	1	"SA101588_00058"	"SA0570(+)"
2	2	1	"SA101588_00059"	"SA0571(+)"
2	2	1	"SA101588_00060"	"SA0572(+)"
2	2	1	"SA101588_00061"	"SA0573(-)"
2	2	1	"SA101588_00063"	"SA0574(-)"
2	2	1	"SA101588_00064"	"SA0575(-)"
2	2	1	"SA101588_00066"	"SA0577(+)"
2	2	1	"SA101588_00067"	"SA0578(+)"
2	2	1	"SA101588_00068"	"SA0579(+)"
2	2	1	"SA101588_00069"	"SA0580(+)"
2	2	1	"SA101588_00070"	"SA0581(+)"
2	2	1	"SA101588_00071"	"SA0582(+)"
2	2	1	"SA101588_00072"	"SA0583(+)"
2	2	1	"SA101588_00073"	"SA0584(+)"
2	2	1	"SA101588_00074"	"SA0585(+)"
2	2	1	"SA101588_00076"	"SA0587(-)"
2	2	1	"SA101588_00077"	"SA0588(-)"
2	2	1	"SA101588_00078"	"SA0589(-)"
2	2	1	"SA101588_00079"	"SA0590(+)"
2	2	1	"SA101588_00080"	"SA0591(-)"
2	2	1	"SA101588_00081"	"SA0592(+)"
2	2	1	"SA101588_00082"	"SA0593(-)"
2	2	1	"SA101588_00083"	"SA0594(+)"
2	2	1	"SA101588_00085"	"SA0596(+)"
2	2	1	"SA101588_00086"	"SA0597(+)"
2	2	1	"SA101588_00087"	"SA0598(-)"
2	2	1	"SA101588_00088"	"SA0599(+)"
2	2	1	"SA101588_00089"	"SA0600(+)"
2	2	1	"SA101588_00091"	"SA0601(+)"
2	2	1	"SA101588_00092"	"SA0602(+)"
2	2	1	"SA101588_00093"	"SA0603(+)"
2	2	1	"SA101588_00094"	"SA0604(+)"
2	2	1	"SA101588_00095"	"SA0605(+)"
2	2	1	"SA101588_00096"	"SA0606(+)"
2	2	1	"SA101588_00097"	"SA0607(+)"
2	2	1	"SA101588_00098"	"SA0608(+)"
2	2	1	"SA101588_00099"	"SA0609(+)"
2	2	1	"SA101588_00100"	"SA0610(+)"
2	2	1	"SA101588_00101"	"SA0611(+)"
2	2	1	"SA101588_00102"	"SA0612(-)"
2	2	1	"SA101588_00103"	"SA0613(+)"
2	2	1	"SA101588_00104"	"SA0614(+)"
2	2	1	"SA101588_00105"	"SA0615(+)"
2	2	1	"SA101588_00106"	"SA0616(+)"
2	2	1	"SA101588_00107"	"SA0617(+)"
2	2	1	"SA101588_00108"	"SA0618(+)"
2	2	1	"SA101588_00109"	"SA0619(+)"
2	2	1	"SA101588_00110"	"SA0620(-)"
2	2	1	"SA101588_00111"	"SA0621(+)"
2	2	1	"SA101588_00112"	"SA0622(+)"
2	2	1	"SA101588_00113"	"SA0623(+)"
2	2	1	"SA101588_00114"	"SA0624(+)"
2	2	1	"SA101588_00116"	"SA0626(+)"
2	2	1	"SA101588_00117"	"SA0627(+)"
2	2	1	"SA101588_00118"	"SA0628(+)"
2	2	1	"SA101588_00119"	"SA0629(+)"
2	2	1	"SA101588_00120"	"SA0630(-)"
2	2	1	"SA101588_00121"	"SA0631(+)"
2	2	1	"SA101588_00122"	"SA0632(+)"
2	2	1	"SA101588_00123"	"SA0633(+)"
2	2	1	"SA101588_00124"	"SA0634(+)"
2	2	1	"SA101588_00125"	"SA0635(-)"
2	2	1	"SA101588_00126"	"SA0636(-)"
2	2	1	"SA101588_00127"	"SA0637(-)"
2	2	1	"SA101588_00128"	"SA0638(-)"
2	2	1	"SA101588_00129"	"SA0639(+)"
2	2	1	"SA101588_00130"	"SA0640(+)"
2	2	1	"SA101588_00131"	"SA0641(-)"
2	2	1	"SA101588_00132"	"SA0642(+)"
2	2	1	"SA101588_00133"	"SA0643(+)"
2	2	1	"SA101588_00134"	"SA0644(+)"
2	2	1	"SA101588_00135"	"SA0645(+)"
2	2	1	"SA101588_00136"	"SA0646(+)"
2	2	1	"SA101588_00137"	"SA0647(-)"
2	2	1	"SA101588_00138"	"SA0648(-)"
2	2	1	"SA101588_00139"	"SA0649(-)"
2	2	1	"SA101588_00140"	"SA0650(+)"
2	2	1	"SA101588_00141"	"SA0651(+)"
2	2	1	"SA101588_00142"	"SA0652(+)"
2	2	1	"SA101588_00143"	"SA0653(+)"
2	2	1	"SA101588_00144"	"SA0654(+)"
2	2	1	"SA101588_00145"	"SA0655(+)"
2	2	1	"SA101588_00146"	"SA0656(+)"
2	2	1	"SA101588_00147"	"SA0657(+)"
2	2	1	"SA101588_00148"	"SA0658(+)"
2	2	1	"SA101588_00149"	"SA0659(+)"
2	2	1	"SA101588_00150"	"SA0660(-)"
2	2	1	"SA101588_00151"	"SA0661(-)"
2	2	1	"SA101588_00153"	"SA0663(-)"
2	2	1	"SA101588_00154"	"SA0664(-)"
2	2	1	"SA101588_00155"	"SA0665(-)"
2	2	1	"SA101588_00156"	"SA0666(-)"
2	2	1	"SA101588_00157"	"SA0667(-)"
2	2	1	"SA101588_00158"	"SA0668(+)"
2	2	1	"SA101588_00159"	"SA0669(+)"
2	2	1	"SA101588_00160"	"SA0670(+)"
2	2	1	"SA101588_00162"	"SA0672(+)"
2	2	1	"SA101588_00163"	"SA0673(+)"
2	2	1	"SA101588_00164"	"SA0674(+)"
2	2	1	"SA101588_00165"	"SA0675(+)"
2	2	1	"SA101588_00166"	"SA0676(+)"
2	2	1	"SA101588_00167"	"SA0677(+)"
2	2	1	"SA101588_00168"	"SA0678(+)"
2	2	1	"SA101588_00169"	"SA0679(+)"
2	2	1	"SA101588_00170"	"SA0680(+)"
2	2	1	"SA101588_00172"	"SA0681(-)"
2	2	1	"SA101588_00173"	"SA0682(-)"
2	2	1	"SA101588_00174"	"SA0683(-)"
2	2	1	"SA101588_00175"	"SA0684(-)"
2	2	1	"SA101588_00176"	"SA0685(+)"
2	2	1	"SA101588_00177"	"SA0686(+)"
2	2	1	"SA101588_00178"	"SA0687(+)"
2	2	1	"SA101588_00179"	"SA0688(+)"
2	2	1	"SA101588_00180"	"SA0689(+)"
2	2	1	"SA101588_00181"	"SA0690(+)"
2	2	1	"SA101588_00182"	"SA0691(+)"
2	2	1	"SA101588_00183"	"SA0692(-)"
2	2	1	"SA101588_00184"	"SA0693(-)"
2	2	1	"SA101588_00185"	"SA0694(-)"
2	2	1	"SA101588_00186"	"SA0695(+)"
2	2	1	"SA101588_00187"	"SA0696(+)"
2	2	1	"SA101588_00188"	"SA0697(+)"
2	2	1	"SA101588_00189"	"SA0698(-)"
2	2	1	"SA101588_00190"	"SA0699(-)"
2	2	1	"SA101588_00191"	"SA0700(-)"
2	2	1	"SA101588_00192"	"SA0701(-)"
2	2	1	"SA101588_00193"	"SA0702(+)"
2	2	1	"SA101588_00194"	"SA0703(-)"
2	2	1	"SA101588_00195"	"SA0704(+)"
2	2	1	"SA101588_00196"	"SA0705(+)"
2	2	1	"SA101588_00197"	"SA0706(+)"
2	2	1	"SA101588_00198"	"SA0707(+)"
2	2	1	"SA101588_00199"	"SA0708(+)"
2	2	1	"SA101588_00200"	"SA0709(+)"
2	2	1	"SA101588_00202"	"SA0710(+)"
2	2	1	"SA101588_00203"	"SA0711(+)"
2	2	1	"SA101588_00204"	"SA0712(+)"
2	2	1	"SA101588_00205"	"SA0713(+)"
2	2	1	"SA101588_00206"	"SA0714(+)"
2	2	1	"SA101588_00207"	"SA0715(+)"
2	2	1	"SA101588_00208"	"SA0716(+)"
2	2	1	"SA101588_00209"	"SA0717(+)"
2	2	1	"SA101588_00210"	"SA0718(+)"
2	2	1	"SA101588_00211"	"SA0719(+)"
2	2	1	"SA101588_00214"	"SA0720(+)"
2	2	1	"SA101588_00215"	"SA0721(+)"
2	2	1	"SA101588_00216"	"SA0722(+)"
2	2	1	"SA101588_00218"	"SA0723(+)"
2	2	1	"SA101588_00220"	"SA0724(-)"
2	2	1	"SA101588_00222"	"SA0725(+)"
2	2	1	"SA101588_00224"	"SA0726(+)"
2	2	1	"SA101588_00225"	"SA0727(+)"
2	2	1	"SA101588_00226"	"SA0728(+)"
2	2	1	"SA101588_00227"	"SA0729(+)"
2	2	1	"SA101588_00228"	"SA0730(+)"
2	2	1	"SA101588_00229"	"SA0731(+)"
2	2	1	"SA101588_00230"	"SA0732(+)"
2	2	1	"SA101588_00231"	"SA0733(+)"
2	2	1	"SA101588_00232"	"SA0734(+)"
2	2	1	"SA101588_00233"	"SA0735(+)"
2	2	1	"SA101588_00234"	"SA0736(+)"
2	2	1	"SA101588_00237"	"SA0739(-)"
2	2	1	"SA101588_00238"	"SA0740(+)"
2	2	1	"SA101588_00239"	"SA0741(+)"
2	2	1	"SA101588_00240"	"SA0742(+)"
2	2	1	"SA101588_00242"	"SA0744(+)"
2	2	1	"SA101588_00244"	"SA0746(+)"
2	2	1	"SA101588_00245"	"SA0747(+)"
2	2	1	"SA101588_00246"	"SA0748(-)"
2	2	1	"SA101588_00247"	"SA0749(-)"
2	2	1	"SA101588_00248"	"SA0750(-)"
2	2	1	"SA101588_00249"	"SAS018(-)"
2	2	1	"SA101588_00250"	"SAS019(-)"
2	2	1	"SA101588_00251"	"SA0751(+)"
2	2	1	"SA101588_00252"	"SA0752(-)"
2	2	1	"SA101588_00253"	"SAS020(+)"
2	2	1	"SA101588_00254"	"SA0753(-)"
2	2	1	"SA101588_00255"	"SA0754(-)"
2	2	1	"SA101588_00256"	"SA0755(-)"
2	2	1	"SA101588_00257"	"SA0756(+)"
2	2	1	"SA101588_00258"	"SA0757(+)"
2	2	1	"SA101588_00259"	"SA0758(-)"
2	2	1	"SA101588_00260"	"SA0759(+)"
2	2	1	"SA101588_00261"	"SA0760(+)"
2	2	1	"SA101588_00262"	"SA0761(+)"
2	2	1	"SA101588_00264"	"SA0768(+)"
2	2	1	"SA101588_00265"	"SAS023(+)"
2	2	1	"SA101588_00267"	"SA0769(+)"
2	2	1	"SA101588_00268"	"SA0770(+)"
2	2	1	"SA101588_00269"	"SA0771(+)"
2	2	1	"SA101588_00270"	"SA0772(+)"
2	2	1	"SA101588_00271"	"SA0773(-)"
2	2	1	"SA101588_00272"	"SA0774(+)"
2	2	1	"SA101588_00273"	"SA0775(+)"
2	2	1	"SA101588_00274"	"SA0776(+)"
2	2	1	"SA101588_00275"	"SA0777(+)"
2	2	1	"SA101588_00276"	"SA0778(+)"
2	2	1	"SA101588_00277"	"SA0779(-)"
2	2	1	"SA101588_00278"	"SA0780(+)"
2	2	1	"SA101588_00279"	"SA0781(+)"
2	2	1	"SA101588_00280"	"SA0782(+)"
2	2	1	"SA101588_00281"	"SA0783(+)"
2	2	1	"SA101588_00282"	"SA0784(+)"
2	2	1	"SA101588_00283"	"SA0785(+)"
2	2	1	"SA101588_00284"	"SA0786(+)"
2	2	1	"SA101588_00285"	"SA0788(-)"
2	2	1	"SA101588_00286"	"SA0789(+)"
2	2	1	"SA101588_00287"	"SA0790(+)"
2	2	1	"SA101588_00288"	"SA0791(+)"
2	2	1	"SA101588_00289"	"SA0792(+)"
2	2	1	"SA101588_00290"	"SA0793(+)"
2	2	1	"SA101588_00291"	"SA0794(+)"
2	2	1	"SA101588_00292"	"SA0795(+)"
2	2	1	"SA101588_00293"	"SA0796(+)"
2	2	1	"SA101588_00294"	"SA0797(-)"
2	2	1	"SA101588_00295"	"SA0798(+)"
2	2	1	"SA101588_00296"	"SA0799(-)"
2	2	1	"SA101588_00297"	"SA0800(+)"
2	2	1	"SA101588_00298"	"SA0801(+)"
2	2	1	"SA101588_00299"	"SA0802(+)"
2	2	1	"SA101588_00300"	"SA0803(+)"
2	2	1	"SA101588_00301"	"SA0804(+)"
2	2	1	"SA101588_00302"	"SA0805(+)"
2	2	1	"SA101588_00303"	"SA0806(-)"
2	2	1	"SA101588_00304"	"SA0807(-)"
2	2	1	"SA101588_00305"	"SA0808(-)"
2	2	1	"SA101588_00306"	"SA0809(-)"
2	2	1	"SA101588_00307"	"SA0810(-)"
2	2	1	"SA101588_00308"	"SA0811(-)"
2	2	1	"SA101588_00309"	"SA0812(-)"
2	2	1	"SA101588_00310"	"SA0813(-)"
2	2	1	"SA101588_00311"	"SA0814(-)"
2	2	1	"SA101588_00312"	"SA0815(+)"
2	2	1	"SA101588_00313"	"SA0816(+)"
2	2	1	"SA101588_00314"	"SA0817(+)"
2	2	1	"SA101588_00315"	"SA0818(+)"
2	2	1	"SA101588_00316"	"SA0819(+)"
2	2	1	"SA101588_00318"	"SA0820(-)"
2	2	1	"SA101588_00319"	"SA0821(-)"
2	2	1	"SA101588_00320"	"SA0822(-)"
2	2	1	"SA101588_00321"	"SA0823(+)"
2	2	1	"SA101588_00322"	"SA0824(+)"
2	2	1	"SA101588_00323"	"SA0825(+)"
2	2	1	"SA101588_00324"	"SA0826(+)"
2	2	1	"SA101588_00325"	"SA0827(+)"
2	2	1	"SA101588_00326"	"SA0828(+)"
2	2	1	"SA101588_00327"	"SA0829(+)"
2	2	1	"SA101588_00328"	"SA0830(+)"
2	2	1	"SA101588_00347"	"SA1222(+)"
2	2	1	"SA101588_00350"	"SA0831(-)"
2	2	1	"SA101588_00351"	"SA0832(-)"
2	2	1	"SA101588_00352"	"SA0833(+)"
2	2	1	"SA101588_00353"	"SA0834(+)"
2	2	1	"SA101588_00354"	"SA0835(+)"
2	2	1	"SA101588_00355"	"SA0836(-)"
2	2	1	"SA101588_00356"	"SA0840(+)"
2	2	1	"SA101588_00357"	"SA0841(+)"
2	2	1	"SA101588_00358"	"SAS025(-)"
2	2	1	"SA101588_00359"	"SA0842(+)"
2	2	1	"SA101588_00360"	"SA0843(+)"
2	2	1	"SA101588_00361"	"SA0844(-)"
2	2	1	"SA101588_00362"	"SA0845(+)"
2	2	1	"SA101588_00363"	"SA0846(+)"
2	2	1	"SA101588_00364"	"SA0847(+)"
2	2	1	"SA101588_00365"	"SA0848(+)"
2	2	1	"SA101588_00366"	"SA0849(+)"
2	2	1	"SA101588_00372"	"SA0855(-)"
2	2	1	"SA101588_00373"	"SA0856(+)"
2	2	1	"SA101588_00374"	"SA0857(+)"
2	2	1	"SA101588_00375"	"SA0858(+)"
2	2	1	"SA101588_00376"	"SA0859(+)"
2	2	1	"SA101588_00378"	"SA0860(-)"
2	2	1	"SA101588_00379"	"SA0861(-)"
2	2	1	"SA101588_00380"	"SA0862(-)"
2	2	1	"SA101588_00381"	"SA0863(+)"
2	2	1	"SA101588_00382"	"SA0864(+)"
2	2	1	"SA101588_00383"	"SA0865(+)"
2	2	1	"SA101588_00384"	"SA0866(+)"
2	2	1	"SA101588_00385"	"SA0867(+)"
2	2	1	"SA101588_00386"	"SA0868(+)"
2	2	1	"SA101588_00387"	"SA0869(+)"
2	2	1	"SA101588_00388"	"SA0870(-)"
2	2	1	"SA101588_00389"	"SA0871(+)"
2	2	1	"SA101588_00390"	"SA0872(+)"
2	2	1	"SA101588_00391"	"SA0873(+)"
2	2	1	"SA101588_00392"	"SA0874(-)"
2	2	1	"SA101588_00393"	"SA0875(-)"
2	2	1	"SA101588_00394"	"SA0876(+)"
2	2	1	"SA101588_00395"	"SAS026(+)"
2	2	1	"SA101588_00396"	"SA0877(+)"
2	2	1	"SA101588_00398"	"SA0878(+)"
2	2	1	"SA101588_00399"	"SA0879(+)"
2	2	1	"SA101588_00400"	"SA0880(+)"
2	2	1	"SA101588_00401"	"SA0881(+)"
2	2	1	"SA101588_00404"	"SA0882(-)"
2	2	1	"SA101588_00405"	"SA0883(+)"
2	2	1	"SA101588_00406"	"SA0884(-)"
2	2	1	"SA101588_00407"	"SAS027(+)"
2	2	1	"SA101588_00408"	"SA0885(+)"
2	2	1	"SA101588_00409"	"SAS028(+)"
2	2	1	"SA101588_00410"	"SAS029(+)"
2	2	1	"SA101588_00411"	"SA0886(+)"
2	2	1	"SA101588_00412"	"SA0887(+)"
2	2	1	"SA101588_00413"	"SA0888(+)"
2	2	1	"SA101588_00414"	"SA0889(-)"
2	2	1	"SA101588_00415"	"SA0890(-)"
2	2	1	"SA101588_00416"	"SA0891(+)"
2	2	1	"SA101588_00418"	"SA0892(-)"
2	2	1	"SA101588_00419"	"SA0893(+)"
2	2	1	"SA101588_00420"	"SA0894(-)"
2	2	1	"SA101588_00421"	"SA0895(+)"
2	2	1	"SA101588_00422"	"SA0896(+)"
2	2	1	"SA101588_00423"	"SA0897(+)"
2	2	1	"SA101588_00424"	"SA0898(+)"
2	2	1	"SA101588_00425"	"SA0899(-)"
2	2	1	"SA101588_00426"	"SA0900(-)"
2	2	1	"SA101588_00427"	"SA0901(-)"
2	2	1	"SA101588_00429"	"SA0902(-)"
2	2	1	"SA101588_00430"	"SA0903(-)"
2	2	1	"SA101588_00431"	"SA0904(+)"
2	2	1	"SA101588_00432"	"SA0905(-)"
2	2	1	"SA101588_00433"	"SA0906(-)"
2	2	1	"SA101588_00434"	"SA0907(-)"
2	2	1	"SA101588_00435"	"SA0908(-)"
2	2	1	"SA101588_00436"	"SA0909(+)"
2	2	1	"SA101588_00437"	"SA0910(-)"
2	2	1	"SA101588_00438"	"SA0911(-)"
2	2	1	"SA101588_00439"	"SA0912(-)"
2	2	1	"SA101588_00440"	"SA0913(-)"
2	2	1	"SA101588_00441"	"SA0914(-)"
2	2	1	"SA101588_00444"	"SA0915(-)"
2	2	1	"SA101588_00445"	"SA0916(+)"
2	2	1	"SA101588_00446"	"SA0917(+)"
2	2	1	"SA101588_00447"	"SA0918(+)"
2	2	1	"SA101588_00448"	"SA0919(+)"
2	2	1	"SA101588_00449"	"SA0920(+)"
2	2	1	"SA101588_00450"	"SA0921(+)"
2	2	1	"SA101588_00451"	"SA0922(+)"
2	2	1	"SA101588_00452"	"SA0923(+)"
2	2	1	"SA101588_00453"	"SA0924(+)"
2	2	1	"SA101588_00454"	"SA0925(+)"
2	2	1	"SA101588_00455"	"SA0926(+)"
2	2	1	"SA101588_00456"	"SA0927(-)"
2	2	1	"SA101588_00457"	"SA0928(-)"
2	2	1	"SA101588_00458"	"SA0929(-)"
2	2	1	"SA101588_00460"	"SAS030(-)"
2	2	1	"SA101588_00461"	"SA0931(+)"
2	2	1	"SA101588_00463"	"SA0932(+)"
2	2	1	"SA101588_00464"	"SA0933(+)"
2	2	1	"SA101588_00465"	"SA0934(+)"
2	2	1	"SA101588_00466"	"SA0935(+)"
2	2	1	"SA101588_00467"	"SA0936(-)"
2	2	1	"SA101588_00468"	"SA0937(+)"
2	2	1	"SA101588_00469"	"SA0938(+)"
2	2	1	"SA101588_00470"	"SA0939(+)"
2	2	1	"SA101588_00472"	"SA0940(-)"
2	2	1	"SA101588_00473"	"SA0941(-)"
2	2	1	"SA101588_00474"	"SA0942(-)"
2	2	1	"SA101588_00475"	"SA0943(+)"
2	2	1	"SA101588_00476"	"SA0943-1(+)"
2	2	1	"SA101588_00477"	"SA0944(+)"
2	2	1	"SA101588_00478"	"SA0945(+)"
2	2	1	"SA101588_00479"	"SA0946(+)"
2	2	1	"SA101588_00480"	"SA0947(+)"
2	2	1	"SA101588_00481"	"SA0949(+)"
2	2	1	"SA101588_00482"	"SA0950(+)"
2	2	1	"SA101588_00483"	"SA0951(+)"
2	2	1	"SA101588_00484"	"SA0952(+)"
2	2	1	"SA101588_00485"	"SA0953(+)"
2	2	1	"SA101588_00486"	"SA0954(+)"
2	2	1	"SA101588_00487"	"SA0955(+)"
2	2	1	"SA101588_00488"	"SA0956(-)"
2	2	1	"SA101588_00489"	"SA0957(-)"
2	2	1	"SA101588_00490"	"SA0958(+)"
2	2	1	"SA101588_00491"	"SAS031(-)"
2	2	1	"SA101588_00492"	"SA0959(+)"
2	2	1	"SA101588_00493"	"SA0960(-)"
2	2	1	"SA101588_00494"	"SA0961(+)"
2	2	1	"SA101588_00495"	"SA0962(+)"
2	2	1	"SA101588_00496"	"SA0963(+)"
2	2	1	"SA101588_00497"	"SA0964(-)"
2	2	1	"SA101588_00498"	"SA0965(+)"
2	2	1	"SA101588_00499"	"SA0966(+)"
2	2	1	"SA101588_00500"	"SA0967(+)"
2	2	1	"SA101588_00501"	"SA0968(+)"
2	2	1	"SA101588_00502"	"SA0969(-)"
2	2	1	"SA101588_00503"	"SA0970(+)"
2	2	1	"SA101588_00504"	"SA0971(-)"
2	2	1	"SA101588_00505"	"SA0972(+)"
2	2	1	"SA101588_00506"	"SA0973(+)"
2	2	1	"SA101588_00507"	"SA0974(-)"
2	2	1	"SA101588_00508"	"SA0975(+)"
2	2	1	"SA101588_00509"	"SAS033(+)"
2	2	1	"SA101588_00510"	"SA0976(-)"
2	2	1	"SA101588_00511"	"SA0977(-)"
2	2	1	"SA101588_00512"	"SA0978(+)"
2	2	1	"SA101588_00513"	"SA0979(+)"
2	2	1	"SA101588_00514"	"SA0980(+)"
2	2	1	"SA101588_00515"	"SA0981(+)"
2	2	1	"SA101588_00516"	"SA0982(+)"
2	2	1	"SA101588_00517"	"SA0983(+)"
2	2	1	"SA101588_00518"	"SA0984(+)"
2	2	1	"SA101588_00519"	"SA0985(+)"
2	2	1	"SA101588_00520"	"SA0986(+)"
2	2	1	"SA101588_00521"	"SA0987(-)"
2	2	1	"SA101588_00522"	"SA0988(+)"
2	2	1	"SA101588_00523"	"SA0989(+)"
2	2	1	"SA101588_00524"	"SA0990(+)"
2	2	1	"SA101588_00525"	"SA0991(+)"
2	2	1	"SA101588_00526"	"SA0992(+)"
2	2	1	"SA101588_00527"	"SA0993(+)"
2	2	1	"SA101588_00528"	"SA0994(+)"
2	2	1	"SA101588_00529"	"SA0995(+)"
2	2	1	"SA101588_00530"	"SA0996(+)"
2	2	1	"SA101588_00531"	"SA0997(+)"
2	2	1	"SA101588_00532"	"SA0998(+)"
2	2	1	"SA101588_00533"	"SA0999(+)"
2	2	1	"SA101588_00534"	"SA1000(+)"
2	2	1	"SA101588_00535"	"SA1001(-)"
2	2	1	"SA101588_00536"	"SA1002(+)"
2	2	1	"SA101588_00537"	"SA1003(+)"
2	2	1	"SA101588_00538"	"SA1004(+)"
2	2	1	"SA101588_00539"	"SAS035(-)"
2	2	1	"SA101588_00541"	"SA1007(-)"
2	2	1	"SA101588_00547"	"SA1011(-)"
2	2	1	"SA101588_00548"	"SA1012(+)"
2	2	1	"SA101588_00550"	"SA1013(+)"
2	2	1	"SA101588_00551"	"SA1014(+)"
2	2	1	"SA101588_00552"	"SA1015(+)"
2	2	1	"SA101588_00553"	"SA1016(-)"
2	2	1	"SA101588_00554"	"SA1017(+)"
2	2	1	"SA101588_00558"	"SA1018(+)"
2	2	1	"SA101588_00559"	"SA1019(-)"
2	2	1	"SA101588_00560"	"SA1020(+)"
2	2	1	"SA101588_00561"	"SA1021(+)"
2	2	1	"SA101588_00562"	"SA1022(+)"
2	2	1	"SA101588_00563"	"SA1023(+)"
2	2	1	"SA101588_00564"	"SA1024(+)"
2	2	1	"SA101588_00565"	"SA1025(+)"
2	2	1	"SA101588_00566"	"SA1026(+)"
2	2	1	"SA101588_00567"	"SA1027(+)"
2	2	1	"SA101588_00568"	"SA1028(+)"
2	2	1	"SA101588_00569"	"SA1029(+)"
2	2	1	"SA101588_00570"	"SA1030(+)"
2	2	1	"SA101588_00571"	"SA1031(+)"
2	2	1	"SA101588_00572"	"SA1032(+)"
2	2	1	"SA101588_00573"	"SA1033(+)"
2	2	1	"SA101588_00574"	"SA1034(+)"
2	2	1	"SA101588_00575"	"SA1035(+)"
2	2	1	"SA101588_00576"	"SA1036(+)"
2	2	1	"SA101588_00577"	"SA1037(+)"
2	2	1	"SA101588_00578"	"SA1039(+)"
2	2	1	"SA101588_00579"	"SA1040(+)"
2	2	1	"SA101588_00580"	"SA1041(+)"
2	2	1	"SA101588_00581"	"SA1042(+)"
2	2	1	"SA101588_00582"	"SA1043(+)"
2	2	1	"SA101588_00583"	"SA1044(+)"
2	2	1	"SA101588_00584"	"SA1045(+)"
2	2	1	"SA101588_00585"	"SA1046(+)"
2	2	1	"SA101588_00586"	"SA1047(+)"
2	2	1	"SA101588_00587"	"SA1048(+)"
2	2	1	"SA101588_00588"	"SA1049(+)"
2	2	1	"SA101588_00589"	"SA1050(+)"
2	2	1	"SA101588_00590"	"SA1051(-)"
2	2	1	"SA101588_00591"	"SA1052(+)"
2	2	1	"SA101588_00592"	"SA1053(+)"
2	2	1	"SA101588_00593"	"SA1054(+)"
2	2	1	"SA101588_00594"	"SA1055(+)"
2	2	1	"SA101588_00595"	"SA1056(+)"
2	2	1	"SA101588_00596"	"SA1057(-)"
2	2	1	"SA101588_00597"	"SA1058(+)"
2	2	1	"SA101588_00598"	"SA1059(+)"
2	2	1	"SA101588_00599"	"SA1060(+)"
2	2	1	"SA101588_00600"	"SA1061(+)"
2	2	1	"SA101588_00601"	"SA1062(+)"
2	2	1	"SA101588_00602"	"SA1063(+)"
2	2	1	"SA101588_00603"	"SA1064(+)"
2	2	1	"SA101588_00604"	"SA1065(+)"
2	2	1	"SA101588_00605"	"SA1066(+)"
2	2	1	"SA101588_00606"	"SA1067(-)"
2	2	1	"SA101588_00607"	"SA1068(+)"
2	2	1	"SA101588_00608"	"SA1069(+)"
2	2	1	"SA101588_00609"	"SA1070(+)"
2	2	1	"SA101588_00610"	"SA1071(+)"
2	2	1	"SA101588_00611"	"SA1072(+)"
2	2	1	"SA101588_00612"	"SA1073(+)"
2	2	1	"SA101588_00613"	"SA1074(+)"
2	2	1	"SA101588_00614"	"SA1075(+)"
2	2	1	"SA101588_00615"	"SA1076(+)"
2	2	1	"SA101588_00616"	"SA1077(+)"
2	2	1	"SA101588_00617"	"SA1078(+)"
2	2	1	"SA101588_00618"	"SA1079(+)"
2	2	1	"SA101588_00619"	"SA1080(+)"
2	2	1	"SA101588_00620"	"SA1081(+)"
2	2	1	"SA101588_00621"	"SA1082(+)"
2	2	1	"SA101588_00622"	"SA1083(+)"
2	2	1	"SA101588_00624"	"SA1084(+)"
2	2	1	"SA101588_00625"	"SA1085(-)"
2	2	1	"SA101588_00626"	"SA1086(+)"
2	2	1	"SA101588_00627"	"SA1087(+)"
2	2	1	"SA101588_00628"	"SA1088(+)"
2	2	1	"SA101588_00629"	"SA1089(+)"
2	2	1	"SA101588_00634"	"SA1092(+)"
2	2	1	"SA101588_00635"	"SA1093(+)"
2	2	1	"SA101588_00636"	"SA1094(+)"
2	2	1	"SA101588_00637"	"SA1095(+)"
2	2	1	"SA101588_00638"	"SA1096(+)"
2	2	1	"SA101588_00639"	"SA1097(+)"
2	2	1	"SA101588_00640"	"SA1098(+)"
2	2	1	"SA101588_00641"	"SA1099(+)"
2	2	1	"SA101588_00642"	"SA1100(+)"
2	2	1	"SA101588_00643"	"SA1101(+)"
2	2	1	"SA101588_00644"	"SA1102(+)"
2	2	1	"SA101588_00645"	"SA1103(+)"
2	2	1	"SA101588_00646"	"SA1104(+)"
2	2	1	"SA101588_00647"	"SA1105(+)"
2	2	1	"SA101588_00648"	"SA1106(+)"
2	2	1	"SA101588_00649"	"SA1107(+)"
2	2	1	"SA101588_00650"	"SA1108(+)"
2	2	1	"SA101588_00651"	"SA1109(+)"
2	2	1	"SA101588_00652"	"SA1110(+)"
2	2	1	"SA101588_00653"	"SA1111(+)"
2	2	1	"SA101588_00654"	"SA1112(+)"
2	2	1	"SA101588_00655"	"SA1113(+)"
2	2	1	"SA101588_00656"	"SA1114(+)"
2	2	1	"SA101588_00657"	"SA1115(+)"
2	2	1	"SA101588_00658"	"SA1116(+)"
2	2	1	"SA101588_00660"	"SA1117(+)"
2	2	1	"SA101588_00661"	"SA1118(+)"
2	2	1	"SA101588_00662"	"SA1119(+)"
2	2	1	"SA101588_00663"	"SA1120(+)"
2	2	1	"SA101588_00664"	"SA1121(+)"
2	2	1	"SA101588_00665"	"SA1122(+)"
2	2	1	"SA101588_00666"	"SA1123(+)"
2	2	1	"SA101588_00667"	"SA1124(+)"
2	2	1	"SA101588_00668"	"SA1125(+)"
2	2	1	"SA101588_00669"	"SA1126(+)"
2	2	1	"SA101588_00670"	"SA1127(+)"
2	2	1	"SA101588_00671"	"SA1128(+)"
2	2	1	"SA101588_00672"	"SA1129(+)"
2	2	1	"SA101588_00674"	"SAS037(-)"
2	2	1	"SA101588_00675"	"SA1130(+)"
2	2	1	"SA101588_00676"	"SA1131(+)"
2	2	1	"SA101588_00677"	"SA1132(+)"
2	2	1	"SA101588_00686"	"SA1623(-)"
2	2	1	"SA101588_00690"	"SA1621(+)"
2	2	1	"SA101588_00691"	"SA1620(+)"
2	2	1	"SA101588_00692"	"SA1619(+)"
2	2	1	"SA101588_00693"	"SA1618(+)"
2	2	1	"SA101588_00694"	"SA1617(+)"
2	2	1	"SA101588_00695"	"SA1616(-)"
2	2	1	"SA101588_00696"	"SA1615(-)"
2	2	1	"SA101588_00697"	"SA1614(-)"
2	2	1	"SA101588_00698"	"SA1613(+)"
2	2	1	"SA101588_00699"	"SA1612(-)"
2	2	1	"SA101588_00700"	"SA1611(-)"
2	2	1	"SA101588_00701"	"SA1609(+)"
2	2	1	"SA101588_00703"	"SA1608(-)"
2	2	1	"SA101588_00704"	"SA1607(-)"
2	2	1	"SA101588_00705"	"SA1606(-)"
2	2	1	"SA101588_00706"	"SA1602(+)"
2	2	1	"SA101588_00707"	"SA1601(+)"
2	2	1	"SA101588_00708"	"SA1600(+)"
2	2	1	"SA101588_00709"	"SA1599(-)"
2	2	1	"SA101588_00713"	"SA1597(-)"
2	2	1	"SA101588_00714"	"SA1596(+)"
2	2	1	"SA101588_00715"	"SA1595(+)"
2	2	1	"SA101588_00716"	"SA1594(-)"
2	2	1	"SA101588_00717"	"SA1593(-)"
2	2	1	"SA101588_00718"	"SA1592(+)"
2	2	1	"SA101588_00719"	"SA1591(+)"
2	2	1	"SA101588_00720"	"SA1590(-)"
2	2	1	"SA101588_00722"	"SA1589(-)"
2	2	1	"SA101588_00723"	"SA1588(-)"
2	2	1	"SA101588_00724"	"SA1587(-)"
2	2	1	"SA101588_00725"	"SA1586(-)"
2	2	1	"SA101588_00726"	"SA1585(+)"
2	2	1	"SA101588_00727"	"SA1584(-)"
2	2	1	"SA101588_00728"	"SA1583(-)"
2	2	1	"SA101588_00729"	"SA1582(+)"
2	2	1	"SA101588_00730"	"SA1581(+)"
2	2	1	"SA101588_00731"	"SA1580(-)"
2	2	1	"SA101588_00732"	"SA1579(-)"
2	2	1	"SA101588_00733"	"SA1578(-)"
2	2	1	"SA101588_00734"	"SA1577(-)"
2	2	1	"SA101588_00735"	"SA1576(+)"
2	2	1	"SA101588_00736"	"SA1575(-)"
2	2	1	"SA101588_00737"	"SA1574(-)"
2	2	1	"SA101588_00738"	"SA1573(-)"
2	2	1	"SA101588_00739"	"SA1572(-)"
2	2	1	"SA101588_00740"	"SA1571(-)"
2	2	1	"SA101588_00741"	"SA1570(-)"
2	2	1	"SA101588_00742"	"SA1569(-)"
2	2	1	"SA101588_00744"	"SA1568(-)"
2	2	1	"SA101588_00745"	"SA1567(+)"
2	2	1	"SA101588_00746"	"SA1566(-)"
2	2	1	"SA101588_00747"	"SA1565(-)"
2	2	1	"SA101588_00748"	"SA1564(-)"
2	2	1	"SA101588_00749"	"SA1563(-)"
2	2	1	"SA101588_00750"	"SA1562(-)"
2	2	1	"SA101588_00751"	"SA1561(-)"
2	2	1	"SA101588_00752"	"SA1560(-)"
2	2	1	"SA101588_00753"	"SA1559(-)"
2	2	1	"SA101588_00754"	"SA1558(-)"
2	2	1	"SA101588_00755"	"SA1557(-)"
2	2	1	"SA101588_00756"	"SA1556(+)"
2	2	1	"SA101588_00757"	"SA1555(+)"
2	2	1	"SA101588_00758"	"SA1554(-)"
2	2	1	"SA101588_00759"	"SA1553(-)"
2	2	1	"SA101588_00761"	"SA1552(-)"
2	2	1	"SA101588_00762"	"SA1551(+)"
2	2	1	"SA101588_00763"	"SA1550(-)"
2	2	1	"SA101588_00764"	"SA1549(+)"
2	2	1	"SA101588_00765"	"SA1548(-)"
2	2	1	"SA101588_00766"	"SA1547(-)"
2	2	1	"SA101588_00767"	"SA1546(-)"
2	2	1	"SA101588_00768"	"SA1545(+)"
2	2	1	"SA101588_00769"	"SA1544(+)"
2	2	1	"SA101588_00770"	"SA1543(+)"
2	2	1	"SA101588_00771"	"SA1542(-)"
2	2	1	"SA101588_00772"	"SAS052(+)"
2	2	1	"SA101588_00773"	"SA1540(+)"
2	2	1	"SA101588_00774"	"SA1539(-)"
2	2	1	"SA101588_00775"	"SA1538(-)"
2	2	1	"SA101588_00776"	"SA1537(-)"
2	2	1	"SA101588_00777"	"SA1536(-)"
2	2	1	"SA101588_00778"	"SA1535(-)"
2	2	1	"SA101588_00779"	"SA1534(-)"
2	2	1	"SA101588_00780"	"SA1533(-)"
2	2	1	"SA101588_00781"	"SA1532(+)"
2	2	1	"SA101588_00782"	"SA1531(-)"
2	2	1	"SA101588_00783"	"SA1530(+)"
2	2	1	"SA101588_00784"	"SA1529(-)"
2	2	1	"SA101588_00786"	"SA1528(+)"
2	2	1	"SA101588_00787"	"SA1527(-)"
2	2	1	"SA101588_00789"	"SA1526(-)"
2	2	1	"SA101588_00790"	"SA1525(-)"
2	2	1	"SA101588_00791"	"SA1524(-)"
2	2	1	"SA101588_00792"	"SA1523(-)"
2	2	1	"SA101588_00793"	"SA1522(-)"
2	2	1	"SA101588_00794"	"SA1521(-)"
2	2	1	"SA101588_00795"	"SA1520(-)"
2	2	1	"SA101588_00796"	"SA1519(+)"
2	2	1	"SA101588_00797"	"SA1518(-)"
2	2	1	"SA101588_00798"	"SA1517(-)"
2	2	1	"SA101588_00799"	"SA1516(-)"
2	2	1	"SA101588_00800"	"SA1515(-)"
2	2	1	"SA101588_00801"	"SA1514(-)"
2	2	1	"SA101588_00802"	"SA1513(-)"
2	2	1	"SA101588_00803"	"SA1512(-)"
2	2	1	"SA101588_00804"	"SA1511(-)"
2	2	1	"SA101588_00805"	"SA1510(-)"
2	2	1	"SA101588_00806"	"SA1509(-)"
2	2	1	"SA101588_00807"	"SA1508(-)"
2	2	1	"SA101588_00808"	"SA1507(-)"
2	2	1	"SA101588_00809"	"SA1506(-)"
2	2	1	"SA101588_00811"	"SA1505(-)"
2	2	1	"SA101588_00813"	"SA1504(-)"
2	2	1	"SA101588_00814"	"SA1503(-)"
2	2	1	"SA101588_00815"	"SA1502(-)"
2	2	1	"SA101588_00816"	"SA1501(-)"
2	2	1	"SA101588_00817"	"SA1500(-)"
2	2	1	"SA101588_00818"	"SA1499(-)"
2	2	1	"SA101588_00819"	"SA1498(-)"
2	2	1	"SA101588_00820"	"SA1497(-)"
2	2	1	"SA101588_00821"	"SA1496(-)"
2	2	1	"SA101588_00822"	"SA1495(-)"
2	2	1	"SA101588_00823"	"SA1494(-)"
2	2	1	"SA101588_00824"	"SA1493(-)"
2	2	1	"SA101588_00825"	"SA1492(-)"
2	2	1	"SA101588_00826"	"SA1491(-)"
2	2	1	"SA101588_00827"	"SA1490(-)"
2	2	1	"SA101588_00828"	"SA1489(+)"
2	2	1	"SA101588_00830"	"SA1488(-)"
2	2	1	"SA101588_00831"	"SA1487(-)"
2	2	1	"SA101588_00832"	"SA1486(-)"
2	2	1	"SA101588_00833"	"SA1485(-)"
2	2	1	"SA101588_00834"	"SA1478(-)"
2	2	1	"SA101588_00835"	"SA1477(+)"
2	2	1	"SA101588_00836"	"SA1476(-)"
2	2	1	"SA101588_00837"	"SA1475(-)"
2	2	1	"SA101588_00838"	"SA1474(-)"
2	2	1	"SA101588_00839"	"SA1473(-)"
2	2	1	"SA101588_00840"	"SA1472(-)"
2	2	1	"SA101588_00841"	"SA1471(-)"
2	2	1	"SA101588_00842"	"SA1470(-)"
2	2	1	"SA101588_00843"	"SA1469(-)"
2	2	1	"SA101588_00844"	"SA1468(-)"
2	2	1	"SA101588_00845"	"SA1467(-)"
2	2	1	"SA101588_00846"	"SA1466(-)"
2	2	1	"SA101588_00847"	"SA1465(-)"
2	2	1	"SA101588_00848"	"SA1464(-)"
2	2	1	"SA101588_00849"	"SA1463(-)"
2	2	1	"SA101588_00850"	"SA1462(-)"
2	2	1	"SA101588_00851"	"SA1461(-)"
2	2	1	"SA101588_00852"	"SA1460(-)"
2	2	1	"SA101588_00853"	"SA1459(-)"
2	2	1	"SA101588_00854"	"SA1458(-)"
2	2	1	"SA101588_00855"	"SA1457(-)"
2	2	1	"SA101588_00856"	"SA1456(-)"
2	2	1	"SA101588_00857"	"SAS050(-)"
2	2	1	"SA101588_00858"	"SA1455(-)"
2	2	1	"SA101588_00859"	"SA1454(+)"
2	2	1	"SA101588_00860"	"SA1453(-)"
2	2	1	"SA101588_00861"	"SA1452(-)"
2	2	1	"SA101588_00862"	"SAS049(-)"
2	2	1	"SA101588_00863"	"SA1451(+)"
2	2	1	"SA101588_00864"	"SA1450(-)"
2	2	1	"SA101588_00865"	"SA1449(-)"
2	2	1	"SA101588_00867"	"SA1448(-)"
2	2	1	"SA101588_00868"	"SA1447(-)"
2	2	1	"SA101588_00869"	"SA1446(-)"
2	2	1	"SA101588_00870"	"SA1445(-)"
2	2	1	"SA101588_00871"	"SA1444(-)"
2	2	1	"SA101588_00872"	"SA1443(-)"
2	2	1	"SA101588_00873"	"SA1442(-)"
2	2	1	"SA101588_00874"	"SA1441(-)"
2	2	1	"SA101588_00875"	"SA1440(-)"
2	2	1	"SA101588_00876"	"SA1439(-)"
2	2	1	"SA101588_00877"	"SA1438(-)"
2	2	1	"SA101588_00878"	"SA1437(-)"
2	2	1	"SA101588_00879"	"SA1436(-)"
2	2	1	"SA101588_00880"	"SA1435(-)"
2	2	1	"SA101588_00881"	"SA1434(-)"
2	2	1	"SA101588_00882"	"SA1433(-)"
2	2	1	"SA101588_00883"	"SA1432(-)"
2	2	1	"SA101588_00884"	"SA1431(-)"
2	2	1	"SA101588_00885"	"SA1430(-)"
2	2	1	"SA101588_00886"	"SA1428(+)"
2	2	1	"SA101588_00887"	"SA1427(-)"
2	2	1	"SA101588_00888"	"SA1426(-)"
2	2	1	"SA101588_00889"	"SA1425(-)"
2	2	1	"SA101588_00890"	"SA1424(-)"
2	2	1	"SA101588_00891"	"SA1423(-)"
2	2	1	"SA101588_00892"	"SA1422(-)"
2	2	1	"SA101588_00893"	"SA1421(-)"
2	2	1	"SA101588_00894"	"SA1420(-)"
2	2	1	"SA101588_00895"	"SA1419(-)"
2	2	1	"SA101588_00896"	"SA1418(-)"
2	2	1	"SA101588_00897"	"SA1417(-)"
2	2	1	"SA101588_00898"	"SA1416(-)"
2	2	1	"SA101588_00899"	"SA1415(-)"
2	2	1	"SA101588_00900"	"SA1414(+)"
2	2	1	"SA101588_00901"	"SA1413(-)"
2	2	1	"SA101588_00903"	"SA1412(-)"
2	2	1	"SA101588_00904"	"SA1411(-)"
2	2	1	"SA101588_00905"	"SA1410(-)"
2	2	1	"SA101588_00906"	"SA1409(-)"
2	2	1	"SA101588_00907"	"SA1408(-)"
2	2	1	"SA101588_00908"	"SA1407(-)"
2	2	1	"SA101588_00909"	"SA1406(-)"
2	2	1	"SA101588_00910"	"SA1405(-)"
2	2	1	"SA101588_00911"	"SA1404(-)"
2	2	1	"SA101588_00912"	"SA1403(-)"
2	2	1	"SA101588_00913"	"SA1402(-)"
2	2	1	"SA101588_00914"	"SA1401(-)"
2	2	1	"SA101588_00915"	"SA1400(-)"
2	2	1	"SA101588_00916"	"SA1399(-)"
2	2	1	"SA101588_00917"	"SA1398(-)"
2	2	1	"SA101588_00918"	"SA1397(-)"
2	2	1	"SA101588_00919"	"SA1396(-)"
2	2	1	"SA101588_00920"	"SA1395(-)"
2	2	1	"SA101588_00921"	"SA1394(+)"
2	2	1	"SA101588_00922"	"SA1393(-)"
2	2	1	"SA101588_00923"	"SA1392(-)"
2	2	1	"SA101588_00924"	"SA1391(-)"
2	2	1	"SA101588_00925"	"SA1390(-)"
2	2	1	"SA101588_00926"	"SA1389(-)"
2	2	1	"SA101588_00927"	"SA1388(-)"
2	2	1	"SA101588_00928"	"SA1387(-)"
2	2	1	"SA101588_00929"	"SA1386(-)"
2	2	1	"SA101588_00930"	"SA1385(-)"
2	2	1	"SA101588_00931"	"SA1384(-)"
2	2	1	"SA101588_00932"	"SA1383(-)"
2	2	1	"SA101588_00933"	"SA1382(-)"
2	2	1	"SA101588_00934"	"SA1381(-)"
2	2	1	"SA101588_00935"	"SAS047(-)"
2	2	1	"SA101588_00936"	"SA1380(-)"
2	2	1	"SA101588_00937"	"SA1379(-)"
2	2	1	"SA101588_00938"	"SA1377(-)"
2	2	1	"SA101588_00939"	"SA1376(-)"
2	2	1	"SA101588_00940"	"SA1375(-)"
2	2	1	"SA101588_00941"	"SA1374(-)"
2	2	1	"SA101588_00942"	"SA1373(-)"
2	2	1	"SA101588_00943"	"SA1372(-)"
2	2	1	"SA101588_00944"	"SA1371(-)"
2	2	1	"SA101588_00945"	"SA1370(-)"
2	2	1	"SA101588_00946"	"SA1369(-)"
2	2	1	"SA101588_00947"	"SA1368(-)"
2	2	1	"SA101588_00949"	"SA1367(-)"
2	2	1	"SA101588_00950"	"SA1366(-)"
2	2	1	"SA101588_00951"	"SA1365(-)"
2	2	1	"SA101588_00952"	"SA1364(+)"
2	2	1	"SA101588_00953"	"SA1363(-)"
2	2	1	"SA101588_00954"	"SA1362(+)"
2	2	1	"SA101588_00955"	"SA1361(+)"
2	2	1	"SA101588_00956"	"SA1360(-)"
2	2	1	"SA101588_00957"	"SA1359(-)"
2	2	1	"SA101588_00958"	"SA1358(-)"
2	2	1	"SA101588_00959"	"SA1357(-)"
2	2	1	"SA101588_00960"	"SA1356(-)"
2	2	1	"SA101588_00961"	"SA1355(-)"
2	2	1	"SA101588_00962"	"SA1354(-)"
2	2	1	"SA101588_00963"	"SA1353(-)"
2	2	1	"SA101588_00964"	"SA1352(-)"
2	2	1	"SA101588_00965"	"SA1351(-)"
2	2	1	"SA101588_00966"	"SA1350(-)"
2	2	1	"SA101588_00967"	"SA1349(-)"
2	2	1	"SA101588_00968"	"SA1348(-)"
2	2	1	"SA101588_00969"	"SA1347(-)"
2	2	1	"SA101588_00970"	"SA1346(-)"
2	2	1	"SA101588_00971"	"SA1345(-)"
2	2	1	"SA101588_00972"	"SA1344(-)"
2	2	1	"SA101588_00974"	"SA1343(-)"
2	2	1	"SA101588_00975"	"SA1342(-)"
2	2	1	"SA101588_00976"	"SA1340(-)"
2	2	1	"SA101588_00977"	"SA1339(-)"
2	2	1	"SA101588_00978"	"SA1338(-)"
2	2	1	"SA101588_00979"	"SA1337(+)"
2	2	1	"SA101588_00980"	"SA1336(+)"
2	2	1	"SA101588_00981"	"SA1335(-)"
2	2	1	"SA101588_00982"	"SA1334(+)"
2	2	1	"SA101588_00983"	"SA1333(-)"
2	2	1	"SA101588_00984"	"SA1332(-)"
2	2	1	"SA101588_00985"	"SA1331(+)"
2	2	1	"SA101588_00986"	"SA1330(-)"
2	2	1	"SA101588_00987"	"SA1329(-)"
2	2	1	"SA101588_00988"	"SA1328(-)"
2	2	1	"SA101588_00989"	"SA1327(+)"
2	2	1	"SA101588_00990"	"SA1326(-)"
2	2	1	"SA101588_00991"	"SA1325(-)"
2	2	1	"SA101588_00992"	"SA1324(-)"
2	2	1	"SA101588_00993"	"SA1323(-)"
2	2	1	"SA101588_00994"	"SA1322(-)"
2	2	1	"SA101588_00995"	"SA1321(-)"
2	2	1	"SA101588_00996"	"SA1320(-)"
2	2	1	"SA101588_01010"	"SAS063(-)"
2	2	1	"SA101588_01018"	"SA1787(-)"
2	2	1	"SA101588_01019"	"SA1786(-)"
2	2	1	"SA101588_01025"	"SA1785(-)"
2	2	1	"SA101588_01028"	"SA1782(-)"
2	2	1	"SA101588_01032"	"SAS062(-)"
2	2	1	"SA101588_01068"	"SA1319(-)"
2	2	1	"SA101588_01069"	"SA1318(-)"
2	2	1	"SA101588_01070"	"SA1317(-)"
2	2	1	"SA101588_01072"	"SA1316(-)"
2	2	1	"SA101588_01073"	"SA1315(+)"
2	2	1	"SA101588_01074"	"SA1314(-)"
2	2	1	"SA101588_01075"	"SA1313(-)"
2	2	1	"SA101588_01076"	"SA1312(-)"
2	2	1	"SA101588_01077"	"SA1311(-)"
2	2	1	"SA101588_01078"	"SA1310(+)"
2	2	1	"SA101588_01079"	"SA1309(-)"
2	2	1	"SA101588_01080"	"SA1308(-)"
2	2	1	"SA101588_01081"	"SA1307(-)"
2	2	1	"SA101588_01082"	"SA1306(-)"
2	2	1	"SA101588_01083"	"SA1305(-)"
2	2	1	"SA101588_01084"	"SA1304(-)"
2	2	1	"SA101588_01085"	"SA1303(-)"
2	2	1	"SA101588_01086"	"SA1302(-)"
2	2	1	"SA101588_01087"	"SA1301(-)"
2	2	1	"SA101588_01088"	"SA1300(-)"
2	2	1	"SA101588_01089"	"SA1299(-)"
2	2	1	"SA101588_01090"	"SA1298(-)"
2	2	1	"SA101588_01091"	"SA1297(-)"
2	2	1	"SA101588_01092"	"SA1296(-)"
2	2	1	"SA101588_01093"	"SA1295(-)"
2	2	1	"SA101588_01094"	"SA1294(-)"
2	2	1	"SA101588_01095"	"SA1293(-)"
2	2	1	"SA101588_01096"	"SA1292(-)"
2	2	1	"SA101588_01097"	"SA1291(-)"
2	2	1	"SA101588_01098"	"SA1290(-)"
2	2	1	"SA101588_01099"	"SA1289(-)"
2	2	1	"SA101588_01100"	"SA1288(-)"
2	2	1	"SA101588_01101"	"SA1287(-)"
2	2	1	"SA101588_01102"	"SA1286(-)"
2	2	1	"SA101588_01103"	"SA1285(-)"
2	2	1	"SA101588_01104"	"SA1284(-)"
2	2	1	"SA101588_01105"	"SA1283(+)"
2	2	1	"SA101588_01106"	"SA1282(+)"
2	2	1	"SA101588_01107"	"SA1281(-)"
2	2	1	"SA101588_01108"	"SA1280(-)"
2	2	1	"SA101588_01109"	"SA1279(-)"
2	2	1	"SA101588_01111"	"SA1278(-)"
2	2	1	"SA101588_01112"	"SA1277(-)"
2	2	1	"SA101588_01113"	"SA1276(-)"
2	2	1	"SA101588_01114"	"SA1275(+)"
2	2	1	"SA101588_01115"	"SA1274(-)"
2	2	1	"SA101588_01116"	"SA1273(-)"
2	2	1	"SA101588_01117"	"SA1272(-)"
2	2	1	"SA101588_01118"	"SA1271(-)"
2	2	1	"SA101588_01119"	"SA1270(-)"
2	2	1	"SA101588_01120"	"SA1269(-)"
2	2	1	"SA101588_01121"	"SA1267(-)"
2	2	1	"SA101588_01122"	"SA1266(+)"
2	2	1	"SA101588_01123"	"SA1265(+)"
2	2	1	"SA101588_01124"	"SA1263(-)"
2	2	1	"SA101588_01125"	"SA1262(-)"
2	2	1	"SA101588_01126"	"SA1261(-)"
2	2	1	"SA101588_01127"	"SA1260(-)"
2	2	1	"SA101588_01128"	"SA1259(-)"
2	2	1	"SA101588_01129"	"SA1258(-)"
2	2	1	"SA101588_01130"	"SA1257(-)"
2	2	1	"SA101588_01131"	"SA1256(-)"
2	2	1	"SA101588_01132"	"SA1255(-)"
2	2	1	"SA101588_01133"	"SA1254(-)"
2	2	1	"SA101588_01134"	"SA1253(-)"
2	2	1	"SA101588_01135"	"SA1252(-)"
2	2	1	"SA101588_01136"	"SA1251(-)"
2	2	1	"SA101588_01138"	"SA1250(-)"
2	2	1	"SA101588_01140"	"SA1249(-)"
2	2	1	"SA101588_01141"	"SA1248(-)"
2	2	1	"SA101588_01142"	"SA1246(-)"
2	2	1	"SA101588_01143"	"SA1245(-)"
2	2	1	"SA101588_01144"	"SA1244(-)"
2	2	1	"SA101588_01145"	"SA1243(-)"
2	2	1	"SA101588_01146"	"SA1242(-)"
2	2	1	"SA101588_01147"	"SA1241(-)"
2	2	1	"SA101588_01148"	"SA1240(-)"
2	2	1	"SA101588_01149"	"SA1239(-)"
2	2	1	"SA101588_01150"	"SA1238(+)"
2	2	1	"SA101588_01151"	"SA1237(+)"
2	2	1	"SA101588_01152"	"SA1236(+)"
2	2	1	"SA101588_01153"	"SA1235(-)"
2	2	1	"SA101588_01154"	"SA1234(-)"
2	2	1	"SA101588_01155"	"SA1233(-)"
2	2	1	"SA101588_01157"	"SA1232(+)"
2	2	1	"SA101588_01158"	"SA1231(+)"
2	2	1	"SA101588_01159"	"SA1230(+)"
2	2	1	"SA101588_01160"	"SA1229(+)"
2	2	1	"SA101588_01161"	"SA1228(+)"
2	2	1	"SA101588_01162"	"SA1227(+)"
2	2	1	"SA101588_01163"	"SA1226(+)"
2	2	1	"SA101588_01164"	"SA1225(+)"
2	2	1	"SA101588_01166"	"SA1224(+)"
2	2	1	"SA101588_01167"	"SA1223(-)"
2	2	1	"SA101588_01169"	"SA1221(-)"
2	2	1	"SA101588_01170"	"SA1220(-)"
2	2	1	"SA101588_01171"	"SA1219(-)"
2	2	1	"SA101588_01172"	"SA1218(-)"
2	2	1	"SA101588_01173"	"SA1217(-)"
2	2	1	"SA101588_01176"	"SA1216(+)"
2	2	1	"SA101588_01177"	"SA1215(-)"
2	2	1	"SA101588_01178"	"SA1214(-)"
2	2	1	"SA101588_01179"	"SA1213(-)"
2	2	1	"SA101588_01180"	"SA1212(-)"
2	2	1	"SA101588_01181"	"SA1211(-)"
2	2	1	"SA101588_01183"	"SA1210(-)"
2	2	1	"SA101588_01184"	"SA1209(+)"
2	2	1	"SA101588_01185"	"SA1207(+)"
2	2	1	"SA101588_01186"	"SA1206(+)"
2	2	1	"SA101588_01187"	"SA1205(+)"
2	2	1	"SA101588_01188"	"SA1204(+)"
2	2	1	"SA101588_01189"	"SA1203(+)"
2	2	1	"SA101588_01190"	"SA1202(+)"
2	2	1	"SA101588_01191"	"SA1201(+)"
2	2	1	"SA101588_01192"	"SA1200(+)"
2	2	1	"SA101588_01193"	"SA1199(+)"
2	2	1	"SA101588_01194"	"SA1198(+)"
2	2	1	"SA101588_01195"	"SA1197(-)"
2	2	1	"SA101588_01196"	"SA1196(+)"
2	2	1	"SA101588_01197"	"SAS044(-)"
2	2	1	"SA101588_01198"	"SA1195(+)"
2	2	1	"SA101588_01199"	"SA1194(-)"
2	2	1	"SA101588_01200"	"SA1193(+)"
2	2	1	"SA101588_01201"	"SA1192(+)"
2	2	1	"SA101588_01202"	"SA1191(+)"
2	2	1	"SA101588_01203"	"SA1190(+)"
2	2	1	"SA101588_01204"	"SA1189(+)"
2	2	1	"SA101588_01205"	"SA1188(+)"
2	2	1	"SA101588_01206"	"SA1187(-)"
2	2	1	"SA101588_01208"	"SA1186(-)"
2	2	1	"SA101588_01209"	"SA1185(+)"
2	2	1	"SA101588_01210"	"SA1184(+)"
2	2	1	"SA101588_01212"	"SA1183(+)"
2	2	1	"SA101588_01213"	"SA1182(-)"
2	2	1	"SA101588_01214"	"SA1181(+)"
2	2	1	"SA101588_01215"	"SA1180(+)"
2	2	1	"SA101588_01216"	"SA1179(+)"
2	2	1	"SA101588_01217"	"SA1178(+)"
2	2	1	"SA101588_01218"	"SA1177(+)"
2	2	1	"SA101588_01219"	"SA1176(+)"
2	2	1	"SA101588_01220"	"SA1175(+)"
2	2	1	"SA101588_01221"	"SA1174(-)"
2	2	1	"SA101588_01223"	"SA1173(+)"
2	2	1	"SA101588_01224"	"SA1172(+)"
2	2	1	"SA101588_01225"	"SA1171(+)"
2	2	1	"SA101588_01226"	"SAS042(+)"
2	2	1	"SA101588_01227"	"SA1170(+)"
2	2	1	"SA101588_01228"	"SA1169(-)"
2	2	1	"SA101588_01229"	"SA1168(-)"
2	2	1	"SA101588_01230"	"SA1167(+)"
2	2	1	"SA101588_01231"	"SA1166(+)"
2	2	1	"SA101588_01232"	"SA1165(+)"
2	2	1	"SA101588_01233"	"SA1164(+)"
2	2	1	"SA101588_01234"	"SA1163(-)"
2	2	1	"SA101588_01235"	"SA1162(+)"
2	2	1	"SA101588_01236"	"SA1161(-)"
2	2	1	"SA101588_01237"	"SA1160(+)"
2	2	1	"SA101588_01238"	"SAS041(-)"
2	2	1	"SA101588_01240"	"SA1155(+)"
2	2	1	"SA101588_01241"	"SAS040(+)"
2	2	1	"SA101588_01242"	"SA1154(-)"
2	2	1	"SA101588_01249"	"SA1152(+)"
2	2	1	"SA101588_01250"	"SA1151(+)"
2	2	1	"SA101588_01252"	"SA1150(+)"
2	2	1	"SA101588_01253"	"SA1149(+)"
2	2	1	"SA101588_01254"	"SA1148(+)"
2	2	1	"SA101588_01255"	"SA1147(+)"
2	2	1	"SA101588_01256"	"SA1146(-)"
2	2	1	"SA101588_01257"	"SA1145(+)"
2	2	1	"SA101588_01258"	"SA1144(+)"
2	2	1	"SA101588_01259"	"SA1143(+)"
2	2	1	"SA101588_01260"	"SA1142(+)"
2	2	1	"SA101588_01261"	"SA1141(+)"
2	2	1	"SA101588_01262"	"SA1140(+)"
2	2	1	"SA101588_01263"	"SA1139(+)"
2	2	1	"SA101588_01264"	"SA1138(+)"
2	2	1	"SA101588_01265"	"SA1137(+)"
2	2	1	"SA101588_01266"	"SA1136(+)"
2	2	1	"SA101588_01267"	"SA1135(+)"
2	2	1	"SA101588_01268"	"SA1134(+)"
2	2	1	"SA101588_01269"	"SA1133(+)"
2	2	1	"SA101588_01270"	"SA0438(+)"
2	2	1	"SA101588_01271"	"SA0437(+)"
2	2	1	"SA101588_01272"	"SA0436(+)"
2	2	1	"SA101588_01273"	"SA0435(+)"
2	2	1	"SA101588_01275"	"SA0434(+)"
2	2	1	"SA101588_01276"	"SA0433(+)"
2	2	1	"SA101588_01277"	"SA0432(+)"
2	2	1	"SA101588_01279"	"SA0431(+)"
2	2	1	"SA101588_01280"	"SA0430(+)"
2	2	1	"SA101588_01281"	"SA0429(-)"
2	2	1	"SA101588_01282"	"SA0428(-)"
2	2	1	"SA101588_01283"	"SA0427(-)"
2	2	1	"SA101588_01284"	"SA0426(+)"
2	2	1	"SA101588_01285"	"SA0425(+)"
2	2	1	"SA101588_01286"	"SA0424(-)"
2	2	1	"SA101588_01287"	"SA0423(+)"
2	2	1	"SA101588_01288"	"SA0422(+)"
2	2	1	"SA101588_01289"	"SA0421(+)"
2	2	1	"SA101588_01290"	"SA0420(+)"
2	2	1	"SA101588_01291"	"SA0419(+)"
2	2	1	"SA101588_01292"	"SA0418(+)"
2	2	1	"SA101588_01293"	"SA0417(+)"
2	2	1	"SA101588_01294"	"SA0416(+)"
2	2	1	"SA101588_01295"	"SA0415(+)"
2	2	1	"SA101588_01296"	"SA0413(+)"
2	2	1	"SA101588_01297"	"SA0412(+)"
2	2	1	"SA101588_01298"	"SA0411(+)"
2	2	1	"SA101588_01300"	"SA0410(+)"
2	2	1	"SA101588_01301"	"SA0409(-)"
2	2	1	"SA101588_01302"	"SA0408(+)"
2	2	1	"SA101588_01303"	"SA0407(+)"
2	2	1	"SA101588_01304"	"SA0406(+)"
2	2	1	"SA101588_01305"	"SA0405(+)"
2	2	1	"SA101588_01307"	"SA0404(+)"
2	2	1	"SA101588_01310"	"SA0399(+)"
2	2	1	"SA101588_01311"	"SA0398(+)"
2	2	1	"SA101588_01313"	"SA0397(+)"
2	2	1	"SA101588_01314"	"SA0395(-)"
2	2	1	"SA101588_01315"	"SA0394(+)"
2	2	1	"SA101588_01319"	"SA0390(+)"
2	2	1	"SA101588_01320"	"SA0389(+)"
2	2	1	"SA101588_01321"	"SA0387(+)"
2	2	1	"SA101588_01322"	"SA0386(+)"
2	2	1	"SA101588_01323"	"SA0384(+)"
2	2	1	"SA101588_01324"	"SA0385(+)"
2	2	1	"SA101588_01325"	"SA0383(+)"
2	2	1	"SA101588_01326"	"SA0382(+)"
2	2	1	"SA101588_01327"	"SA0381(-)"
2	2	1	"SA101588_01328"	"SA0380(-)"
2	2	1	"SA101588_01329"	"SAS012(-)"
2	2	1	"SA101588_01330"	"SA0379(-)"
2	2	1	"SA101588_01331"	"SA0378(-)"
2	2	1	"SA101588_01333"	"SA0377(-)"
2	2	1	"SA101588_01334"	"SA0376(+)"
2	2	1	"SA101588_01335"	"SA0375(+)"
2	2	1	"SA101588_01336"	"SA0374(+)"
2	2	1	"SA101588_01337"	"SA0373(+)"
2	2	1	"SA101588_01339"	"SA0372(-)"
2	2	1	"SA101588_01340"	"SA0371(-)"
2	2	1	"SA101588_01341"	"SA0370(-)"
2	2	1	"SA101588_01342"	"SA0368(-)"
2	2	1	"SA101588_01343"	"SA0367(+)"
2	2	1	"SA101588_01344"	"SA0366(-)"
2	2	1	"SA101588_01345"	"SA0365(-)"
2	2	1	"SA101588_01347"	"SA0363(-)"
2	2	1	"SA101588_01348"	"SA0362(-)"
2	2	1	"SA101588_01349"	"SA0361(+)"
2	2	1	"SA101588_01350"	"SA0360(+)"
2	2	1	"SA101588_01351"	"SAS010(-)"
2	2	1	"SA101588_01352"	"SA0359(+)"
2	2	1	"SA101588_01353"	"SA0358(+)"
2	2	1	"SA101588_01355"	"SA0354(+)"
2	2	1	"SA101588_01356"	"SA0353(+)"
2	2	1	"SA101588_01357"	"SA0352(+)"
2	2	1	"SA101588_01358"	"SAS009(-)"
2	2	1	"SA101588_01359"	"SA0351(+)"
2	2	1	"SA101588_01360"	"SA0350(+)"
2	2	1	"SA101588_01361"	"SA0349(+)"
2	2	1	"SA101588_01362"	"SA0348(+)"
2	2	1	"SA101588_01364"	"SA0347(-)"
2	2	1	"SA101588_01365"	"SA0346(-)"
2	2	1	"SA101588_01366"	"SA0345(-)"
2	2	1	"SA101588_01367"	"SA0344(-)"
2	2	1	"SA101588_01368"	"SA0343(-)"
2	2	1	"SA101588_01369"	"SA0342(+)"
2	2	1	"SA101588_01370"	"SA0341(-)"
2	2	1	"SA101588_01371"	"SA0340(+)"
2	2	1	"SA101588_01372"	"SA0339(+)"
2	2	1	"SA101588_01373"	"SA0338(+)"
2	2	1	"SA101588_01374"	"SA0337(+)"
2	2	1	"SA101588_01375"	"SA0336(-)"
2	2	1	"SA101588_01376"	"SA0335(-)"
2	2	1	"SA101588_01377"	"SA0333(+)"
2	2	1	"SA101588_01378"	"SA0332(+)"
2	2	1	"SA101588_01379"	"SA0331(+)"
2	2	1	"SA101588_01380"	"SA0330(+)"
2	2	1	"SA101588_01382"	"SA0329(-)"
2	2	1	"SA101588_01383"	"SA0328(+)"
2	2	1	"SA101588_01384"	"SA0327(+)"
2	2	1	"SA101588_01385"	"SA0326(+)"
2	2	1	"SA101588_01386"	"SA0325(-)"
2	2	1	"SA101588_01387"	"SA0324(+)"
2	2	1	"SA101588_01388"	"SA0323(+)"
2	2	1	"SA101588_01389"	"SA0322(+)"
2	2	1	"SA101588_01390"	"SA0321(-)"
2	2	1	"SA101588_01391"	"SA0320(-)"
2	2	1	"SA101588_01392"	"SA0319(-)"
2	2	1	"SA101588_01393"	"SA0318(-)"
2	2	1	"SA101588_01394"	"SA0317(+)"
2	2	1	"SA101588_01395"	"SA0316(+)"
2	2	1	"SA101588_01398"	"SA0314(+)"
2	2	1	"SA101588_01399"	"SA0313(+)"
2	2	1	"SA101588_01400"	"SA0312(+)"
2	2	1	"SA101588_01401"	"SA0311(-)"
2	2	1	"SA101588_01402"	"SA0310(-)"
2	2	1	"SA101588_01403"	"SA0309(+)"
2	2	1	"SA101588_01404"	"SA0308(-)"
2	2	1	"SA101588_01405"	"SA0307(+)"
2	2	1	"SA101588_01406"	"SA0306(-)"
2	2	1	"SA101588_01407"	"SA0305(+)"
2	2	1	"SA101588_01408"	"SA0304(-)"
2	2	1	"SA101588_01409"	"SA0303(-)"
2	2	1	"SA101588_01410"	"SA0302(+)"
2	2	1	"SA101588_01411"	"SA0301(+)"
2	2	1	"SA101588_01412"	"SA0299(+)"
2	2	1	"SA101588_01413"	"SA0298(+)"
2	2	1	"SA101588_01414"	"SA0297(+)"
2	2	1	"SA101588_01415"	"SA0296(+)"
2	2	1	"SA101588_01416"	"SA0295(+)"
2	2	1	"SA101588_01417"	"SA0294(-)"
2	2	1	"SA101588_01418"	"SA0293(-)"
2	2	1	"SA101588_01419"	"SA0292(+)"
2	2	1	"SA101588_01420"	"SA0291(+)"
2	2	1	"SA101588_01421"	"SA0290(+)"
2	2	1	"SA101588_01423"	"SA0285(+)"
2	2	1	"SA101588_01424"	"SA0283(+)"
2	2	1	"SA101588_01425"	"SA0288(+)"
2	2	1	"SA101588_01426"	"SA0286(+)"
2	2	1	"SA101588_01427"	"SA0284(+)"
2	2	1	"SA101588_01434"	"SA0276(+)"
2	2	1	"SA101588_01435"	"SA0275(+)"
2	2	1	"SA101588_01436"	"SA0274(+)"
2	2	1	"SA101588_01437"	"SA0273(+)"
2	2	1	"SA101588_01438"	"SA0272(+)"
2	2	1	"SA101588_01439"	"SA0271(+)"
2	2	1	"SA101588_01440"	"SA0270(-)"
2	2	1	"SA101588_01441"	"SA0269(-)"
2	2	1	"SA101588_01442"	"SA0268(-)"
2	2	1	"SA101588_01443"	"SA0267(-)"
2	2	1	"SA101588_01444"	"SA0266(-)"
2	2	1	"SA101588_01445"	"SA0265(+)"
2	2	1	"SA101588_01446"	"SA0264(+)"
2	2	1	"SA101588_01447"	"SA0263(-)"
2	2	1	"SA101588_01448"	"SA0262(+)"
2	2	1	"SA101588_01449"	"SA0261(-)"
2	2	1	"SA101588_01450"	"SA0260(-)"
2	2	1	"SA101588_01451"	"SA0259(-)"
2	2	1	"SA101588_01452"	"SA0258(-)"
2	2	1	"SA101588_01453"	"SA0257(-)"
2	2	1	"SA101588_01455"	"SA0256(+)"
2	2	1	"SA101588_01456"	"SA0255(+)"
2	2	1	"SA101588_01457"	"SA0254(-)"
2	2	1	"SA101588_01459"	"SA0253(+)"
2	2	1	"SA101588_01460"	"SA0252(+)"
2	2	1	"SA101588_01461"	"SA0251(+)"
2	2	1	"SA101588_01462"	"SA0250(+)"
2	2	1	"SA101588_01463"	"SA0249(+)"
2	2	1	"SA101588_01464"	"SA0248(+)"
2	2	1	"SA101588_01465"	"SA0247(+)"
2	2	1	"SA101588_01466"	"SA0246(+)"
2	2	1	"SA101588_01467"	"SA0245(+)"
2	2	1	"SA101588_01468"	"SA0244(+)"
2	2	1	"SA101588_01470"	"SA0243(+)"
2	2	1	"SA101588_01471"	"SA0242(+)"
2	2	1	"SA101588_01472"	"SA0241(+)"
2	2	1	"SA101588_01473"	"SA0240(+)"
2	2	1	"SA101588_01474"	"SAS008(+)"
2	2	1	"SA101588_01475"	"SA0239(+)"
2	2	1	"SA101588_01476"	"SA0238(+)"
2	2	1	"SA101588_01477"	"SA0237(+)"
2	2	1	"SA101588_01478"	"SA0236(+)"
2	2	1	"SA101588_01479"	"SA0235(+)"
2	2	1	"SA101588_01480"	"SA0234(+)"
2	2	1	"SA101588_01481"	"SA0233(-)"
2	2	1	"SA101588_01482"	"SA0232(+)"
2	2	1	"SA101588_01483"	"SA0231(-)"
2	2	1	"SA101588_01484"	"SAS007(-)"
2	2	1	"SA101588_01485"	"SA0230(-)"
2	2	1	"SA101588_01486"	"SA0229(-)"
2	2	1	"SA101588_01487"	"SA0228(+)"
2	2	1	"SA101588_01489"	"SA0227(-)"
2	2	1	"SA101588_01490"	"SA0226(-)"
2	2	1	"SA101588_01491"	"SA0225(-)"
2	2	1	"SA101588_01492"	"SA0224(-)"
2	2	1	"SA101588_01493"	"SA0223(-)"
2	2	1	"SA101588_01495"	"SA0221(-)"
2	2	1	"SA101588_01496"	"SA0220(+)"
2	2	1	"SA101588_01498"	"SA0219(+)"
2	2	1	"SA101588_01499"	"SA0218(+)"
2	2	1	"SA101588_01500"	"SA0217(-)"
2	2	1	"SA101588_01501"	"SA0216(-)"
2	2	1	"SA101588_01502"	"SA0215(-)"
2	2	1	"SA101588_01503"	"SA0214(+)"
2	2	1	"SA101588_01504"	"SA0213(-)"
2	2	1	"SA101588_01505"	"SA0212(+)"
2	2	1	"SA101588_01506"	"SA0211(+)"
2	2	1	"SA101588_01507"	"SA0210(+)"
2	2	1	"SA101588_01508"	"SA0209(+)"
2	2	1	"SA101588_01509"	"SA0208(+)"
2	2	1	"SA101588_01510"	"SA0207(+)"
2	2	1	"SA101588_01511"	"SA0206(+)"
2	2	1	"SA101588_01512"	"SA0205(+)"
2	2	1	"SA101588_01513"	"SA0204(-)"
2	2	1	"SA101588_01514"	"SA0203(-)"
2	2	1	"SA101588_01515"	"SA0202(+)"
2	2	1	"SA101588_01516"	"SA0201(+)"
2	2	1	"SA101588_01517"	"SA0200(+)"
2	2	1	"SA101588_01518"	"SA0199(+)"
2	2	1	"SA101588_01519"	"SA0198(-)"
2	2	1	"SA101588_01521"	"SA0189(+)"
2	2	1	"SA101588_01523"	"SA0187(+)"
2	2	1	"SA101588_01524"	"SA0186(+)"
2	2	1	"SA101588_01525"	"SA0185(+)"
2	2	1	"SA101588_01526"	"SA0184(+)"
2	2	1	"SA101588_01527"	"SA0183(-)"
2	2	1	"SA101588_01529"	"SA0182(-)"
2	2	1	"SA101588_01530"	"SA0181(-)"
2	2	1	"SA101588_01531"	"SA0180(-)"
2	2	1	"SA101588_01534"	"SA0179(-)"
2	2	1	"SA101588_01535"	"SA0178(-)"
2	2	1	"SA101588_01537"	"SA0177(-)"
2	2	1	"SA101588_01538"	"SA0176(-)"
2	2	1	"SA101588_01539"	"SA0175(-)"
2	2	1	"SA101588_01540"	"SA0174(+)"
2	2	1	"SA101588_01541"	"SA0173(+)"
2	2	1	"SA101588_01542"	"SA0172(+)"
2	2	1	"SA101588_01543"	"SA0171(+)"
2	2	1	"SA101588_01544"	"SA0170(+)"
2	2	1	"SA101588_01545"	"SA0169(+)"
2	2	1	"SA101588_01546"	"SA0168(+)"
2	2	1	"SA101588_01547"	"SA0167(+)"
2	2	1	"SA101588_01548"	"SA0166(+)"
2	2	1	"SA101588_01549"	"SA0165(+)"
2	2	1	"SA101588_01550"	"SA0164(-)"
2	2	1	"SA101588_01551"	"SA0163(+)"
2	2	1	"SA101588_01552"	"SA0162(+)"
2	2	1	"SA101588_01553"	"SA0161(-)"
2	2	1	"SA101588_01554"	"SA0160(-)"
2	2	1	"SA101588_01555"	"SA0159(+)"
2	2	1	"SA101588_01556"	"SA0158(+)"
2	2	1	"SA101588_01557"	"SA0157(+)"
2	2	1	"SA101588_01558"	"SA0156(+)"
2	2	1	"SA101588_01559"	"SA0155(+)"
2	2	1	"SA101588_01560"	"SA0154(+)"
2	2	1	"SA101588_01561"	"SA0153(+)"
2	2	1	"SA101588_01562"	"SA0152(+)"
2	2	1	"SA101588_01563"	"SA0151(+)"
2	2	1	"SA101588_01564"	"SA0150(+)"
2	2	1	"SA101588_01565"	"SA0149(+)"
2	2	1	"SA101588_01566"	"SA0148(+)"
2	2	1	"SA101588_01567"	"SA0147(+)"
2	2	1	"SA101588_01568"	"SA0146(+)"
2	2	1	"SA101588_01569"	"SA0145(+)"
2	2	1	"SA101588_01570"	"SA0144(+)"
2	2	1	"SA101588_01571"	"SA0143(+)"
2	2	1	"SA101588_01572"	"SA0142(+)"
2	2	1	"SA101588_01573"	"SA0141(+)"
2	2	1	"SA101588_01574"	"SA0140(+)"
2	2	1	"SA101588_01575"	"SA0139(+)"
2	2	1	"SA101588_01576"	"SA0138(-)"
2	2	1	"SA101588_01577"	"SA0137(-)"
2	2	1	"SA101588_01578"	"SA0136(-)"
2	2	1	"SA101588_01579"	"SA0135(-)"
2	2	1	"SA101588_01580"	"SA0134(+)"
2	2	1	"SA101588_01582"	"SA0132(+)"
2	2	1	"SA101588_01583"	"SA0131(+)"
2	2	1	"SA101588_01584"	"SA0130(-)"
2	2	1	"SA101588_01585"	"SA0129(+)"
2	2	1	"SA101588_01586"	"SA0128(+)"
2	2	1	"SA101588_01587"	"SA0127(+)"
2	2	1	"SA101588_01588"	"SA0126(+)"
2	2	1	"SA101588_01589"	"SA0125(+)"
2	2	1	"SA101588_01590"	"SA0124(+)"
2	2	1	"SA101588_01591"	"SA0123(+)"
2	2	1	"SA101588_01592"	"SA0122(+)"
2	2	1	"SA101588_01593"	"SA0121(+)"
2	2	1	"SA101588_01595"	"SA0120(+)"
2	2	1	"SA101588_01596"	"SA0119(+)"
2	2	1	"SA101588_01597"	"SA0118(+)"
2	2	1	"SA101588_01598"	"SA0117(+)"
2	2	1	"SA101588_01599"	"SA0116(+)"
2	2	1	"SA101588_01600"	"SA0115(+)"
2	2	1	"SA101588_01601"	"SA0114(+)"
2	2	1	"SA101588_01602"	"SA0113(+)"
2	2	1	"SA101588_01603"	"SA0112(+)"
2	2	1	"SA101588_01604"	"SA0111(-)"
2	2	1	"SA101588_01605"	"SA0110(-)"
2	2	1	"SA101588_01606"	"SA0109(-)"
2	2	1	"SA101588_01607"	"SA0108(-)"
2	2	1	"SA101588_01608"	"SA0107(-)"
2	2	1	"SA101588_01609"	"SA0106(+)"
2	2	1	"SA101588_01610"	"SA0105(+)"
2	2	1	"SA101588_01611"	"SA0102(-)"
2	2	1	"SA101588_01612"	"SA0100(-)"
2	2	1	"SA101588_01613"	"SA0099(+)"
2	2	1	"SA101588_01614"	"SA0098(+)"
2	2	1	"SA101588_01615"	"SA0097(+)"
2	2	1	"SA101588_01616"	"SA0094(+)"
2	2	1	"SA101588_01617"	"SA0091(+)"
2	2	1	"SA101588_01618"	"SA0090(+)"
2	2	1	"SA101588_01622"	"SA0088(+)"
2	2	1	"SA101588_01627"	"SA0087(+)"
2	2	1	"SA101588_01628"	"SA0086(+)"
2	2	1	"SA101588_01629"	"SA0085(-)"
2	2	1	"SA101588_01641"	"SA2345(+)"
2	2	1	"SA101588_01642"	"SA2346(-)"
2	2	1	"SA101588_01643"	"SA2347(-)"
2	2	1	"SA101588_01644"	"SA2348(-)"
2	2	1	"SA101588_01645"	"SA2349(-)"
2	2	1	"SA101588_01646"	"SA2350(-)"
2	2	1	"SA101588_01647"	"SA2351(-)"
2	2	1	"SA101588_01648"	"SA2352(-)"
2	2	1	"SA101588_01649"	"SA2353(-)"
2	2	1	"SA101588_01650"	"SA2354(-)"
2	2	1	"SA101588_01651"	"SA2356(-)"
2	2	1	"SA101588_01652"	"SA2357(-)"
2	2	1	"SA101588_01653"	"SA2358(+)"
2	2	1	"SA101588_01654"	"SA2359(+)"
2	2	1	"SA101588_01655"	"SA2360(+)"
2	2	1	"SA101588_01657"	"SA2361(-)"
2	2	1	"SA101588_01658"	"SA2362(-)"
2	2	1	"SA101588_01659"	"SA2363(-)"
2	2	1	"SA101588_01660"	"SA2364(+)"
2	2	1	"SA101588_01661"	"SA2365(+)"
2	2	1	"SA101588_01662"	"SA2366(+)"
2	2	1	"SA101588_01663"	"SA2367(+)"
2	2	1	"SA101588_01664"	"SA2368(-)"
2	2	1	"SA101588_01665"	"SA2369(-)"
2	2	1	"SA101588_01666"	"SA2370(-)"
2	2	1	"SA101588_01667"	"SA2371(-)"
2	2	1	"SA101588_01668"	"SA2372(-)"
2	2	1	"SA101588_01669"	"SA2373(-)"
2	2	1	"SA101588_01670"	"SA2374(-)"
2	2	1	"SA101588_01671"	"SA2375(+)"
2	2	1	"SA101588_01672"	"SA2376(+)"
2	2	1	"SA101588_01673"	"SA2377(-)"
2	2	1	"SA101588_01674"	"SA2378(+)"
2	2	1	"SA101588_01675"	"SA2379(-)"
2	2	1	"SA101588_01676"	"SA2380(+)"
2	2	1	"SA101588_01677"	"SA2390(-)"
2	2	1	"SA101588_01678"	"SA2391(-)"
2	2	1	"SA101588_01679"	"SA2392(-)"
2	2	1	"SA101588_01680"	"SA2393(+)"
2	2	1	"SA101588_01681"	"SA2394(-)"
2	2	1	"SA101588_01682"	"SA2395(-)"
2	2	1	"SA101588_01683"	"SA2396(+)"
2	2	1	"SA101588_01684"	"SA2397(-)"
2	2	1	"SA101588_01685"	"SA2398(+)"
2	2	1	"SA101588_01686"	"SA2399(+)"
2	2	1	"SA101588_01687"	"SA2400(-)"
2	2	1	"SA101588_01688"	"SA2402(-)"
2	2	1	"SA101588_01689"	"SA2403(-)"
2	2	1	"SA101588_01690"	"SA2404(-)"
2	2	1	"SA101588_01691"	"SA2405(-)"
2	2	1	"SA101588_01692"	"SA2406(-)"
2	2	1	"SA101588_01693"	"SA2407(+)"
2	2	1	"SA101588_01694"	"SA2408(-)"
2	2	1	"SA101588_01695"	"SA2409(-)"
2	2	1	"SA101588_01696"	"SA2410(-)"
2	2	1	"SA101588_01697"	"SA2411(-)"
2	2	1	"SA101588_01698"	"SA2412(-)"
2	2	1	"SA101588_01699"	"SA2413(-)"
2	2	1	"SA101588_01700"	"SA2414(-)"
2	2	1	"SA101588_01701"	"SA2415(-)"
2	2	1	"SA101588_01702"	"SA2416(-)"
2	2	1	"SA101588_01703"	"SA2417(-)"
2	2	1	"SA101588_01704"	"SA2418(-)"
2	2	1	"SA101588_01705"	"SA2419(-)"
2	2	1	"SA101588_01706"	"SA2420(+)"
2	2	1	"SA101588_01709"	"SA2421(-)"
2	2	1	"SA101588_01710"	"SA2422(-)"
2	2	1	"SA101588_01711"	"SA2423(-)"
2	2	1	"SA101588_01712"	"SA2424(-)"
2	2	1	"SA101588_01713"	"SA2425(-)"
2	2	1	"SA101588_01714"	"SA2426(-)"
2	2	1	"SA101588_01715"	"SA2427(-)"
2	2	1	"SA101588_01716"	"SA2428(-)"
2	2	1	"SA101588_01717"	"SA2429(-)"
2	2	1	"SA101588_01718"	"SA2430(-)"
2	2	1	"SA101588_01720"	"SA2432(+)"
2	2	1	"SA101588_01721"	"SA2433(+)"
2	2	1	"SA101588_01722"	"SA2434(+)"
2	2	1	"SA101588_01723"	"SA2435(+)"
2	2	1	"SA101588_01724"	"SA2436(-)"
2	2	1	"SA101588_01725"	"SA2437(+)"
2	2	1	"SA101588_01726"	"SA2438(-)"
2	2	1	"SA101588_01727"	"SA2439(-)"
2	2	1	"SA101588_01728"	"SA2440(-)"
2	2	1	"SA101588_01729"	"SA2441(-)"
2	2	1	"SA101588_01730"	"SA2442(-)"
2	2	1	"SA101588_01731"	"SA2443(-)"
2	2	1	"SA101588_01732"	"SA2444(-)"
2	2	1	"SA101588_01733"	"SA2445(-)"
2	2	1	"SA101588_01734"	"SA2446(-)"
2	2	1	"SA101588_01735"	"SA2447(-)"
2	2	1	"SA101588_01736"	"SA2448(-)"
2	2	1	"SA101588_01741"	"SA2451(+)"
2	2	1	"SA101588_01742"	"SA2452(-)"
2	2	1	"SA101588_01743"	"SA2453(-)"
2	2	1	"SA101588_01744"	"SA2454(-)"
2	2	1	"SA101588_01745"	"SA2455(-)"
2	2	1	"SA101588_01746"	"SA2456(-)"
2	2	1	"SA101588_01747"	"SA2457(-)"
2	2	1	"SA101588_01749"	"SA2458(-)"
2	2	1	"SA101588_01751"	"SA2459(+)"
2	2	1	"SA101588_01752"	"SA2460(+)"
2	2	1	"SA101588_01753"	"SA2461(+)"
2	2	1	"SA101588_01754"	"SA2462(+)"
2	2	1	"SA101588_01756"	"SA2463(-)"
2	2	1	"SA101588_01757"	"SA2464(-)"
2	2	1	"SA101588_01758"	"SA2465(-)"
2	2	1	"SA101588_01759"	"SA2466(-)"
2	2	1	"SA101588_01760"	"SA2467(-)"
2	2	1	"SA101588_01761"	"SA2468(-)"
2	2	1	"SA101588_01762"	"SA2469(-)"
2	2	1	"SA101588_01763"	"SA2470(-)"
2	2	1	"SA101588_01764"	"SA2471(-)"
2	2	1	"SA101588_01765"	"SA2472(-)"
2	2	1	"SA101588_01766"	"SA2473(-)"
2	2	1	"SA101588_01767"	"SA2479(+)"
2	2	1	"SA101588_01768"	"SA2480(-)"
2	2	1	"SA101588_01769"	"SA2481(+)"
2	2	1	"SA101588_01770"	"SA2482(+)"
2	2	1	"SA101588_01771"	"SA2483(-)"
2	2	1	"SA101588_01772"	"SA2484(-)"
2	2	1	"SA101588_01773"	"SA2485(+)"
2	2	1	"SA101588_01775"	"SA2486(+)"
2	2	1	"SA101588_01777"	"SA2487(-)"
2	2	1	"SA101588_01778"	"SA2488(+)"
2	2	1	"SA101588_01779"	"SA2489(+)"
2	2	1	"SA101588_01780"	"SA2490(+)"
2	2	1	"SA101588_01781"	"SA2491(-)"
2	2	1	"SA101588_01782"	"SA2492(+)"
2	2	1	"SA101588_01783"	"SA2493(+)"
2	2	1	"SA101588_01784"	"SAS091(+)"
2	2	1	"SA101588_01785"	"SA2494(+)"
2	2	1	"SA101588_01786"	"SA2495(-)"
2	2	1	"SA101588_01787"	"SA2496(-)"
2	2	1	"SA101588_01788"	"SA2497(-)"
2	2	1	"SA101588_01789"	"SA2498(-)"
2	2	1	"SA101588_01790"	"SA2499(-)"
2	2	1	"SA101588_01791"	"SA2500(-)"
2	2	1	"SA101588_01792"	"SA2501(-)"
2	2	1	"SA101588_01793"	"SA2502(-)"
2	2	1	"SA101588_01794"	"SAS093(-)"
2	2	1	"SA101588_01795"	"SA0001(+)"
2	2	1	"SA101588_01796"	"SA0002(+)"
2	2	1	"SA101588_01797"	"SA0003(+)"
2	2	1	"SA101588_01798"	"SA0004(+)"
2	2	1	"SA101588_01799"	"SA0005(+)"
2	2	1	"SA101588_01800"	"SA0006(+)"
2	2	1	"SA101588_01801"	"SA0007(-)"
2	2	1	"SA101588_01802"	"SA0008(+)"
2	2	1	"SA101588_01804"	"SA0009(+)"
2	2	1	"SA101588_01805"	"SA0010(+)"
2	2	1	"SA101588_01806"	"SAS001(+)"
2	2	1	"SA101588_01808"	"SA0011(+)"
2	2	1	"SA101588_01810"	"SA0012(+)"
2	2	1	"SA101588_01811"	"SA0013(+)"
2	2	1	"SA101588_01812"	"SA0014(+)"
2	2	1	"SA101588_01813"	"SA0015(+)"
2	2	1	"SA101588_01814"	"SA0016(+)"
2	2	1	"SA101588_01818"	"SA0017(+)"
2	2	1	"SA101588_01819"	"SA0018(+)"
2	2	1	"SA101588_01820"	"SA0019(+)"
2	2	1	"SA101588_01821"	"SA0020(+)"
2	2	1	"SA101588_01822"	"SA0021(+)"
2	2	1	"SA101588_01823"	"SA0022(+)"
2	2	1	"SA101588_01824"	"SA0023(+)"
2	2	1	"SA101588_01832"	"SA2158(-)"
2	2	1	"SA101588_01833"	"SA2159(-)"
2	2	1	"SA101588_01834"	"SA2160(+)"
2	2	1	"SA101588_01836"	"SA2161(-)"
2	2	1	"SA101588_01837"	"SA2162(-)"
2	2	1	"SA101588_01838"	"SA2163(-)"
2	2	1	"SA101588_01839"	"SA2164(-)"
2	2	1	"SA101588_01840"	"SA2165(+)"
2	2	1	"SA101588_01841"	"SA2166(+)"
2	2	1	"SA101588_01842"	"SA2167(-)"
2	2	1	"SA101588_01843"	"SA2168(+)"
2	2	1	"SA101588_01844"	"SA2169(+)"
2	2	1	"SA101588_01845"	"SA2170(+)"
2	2	1	"SA101588_01846"	"SA2171(+)"
2	2	1	"SA101588_01847"	"SA2172(-)"
2	2	1	"SA101588_01848"	"SA2173(-)"
2	2	1	"SA101588_01849"	"SA2174(+)"
2	2	1	"SA101588_01850"	"SA2175(+)"
2	2	1	"SA101588_01851"	"SA2176(-)"
2	2	1	"SA101588_01853"	"SA2177(+)"
2	2	1	"SA101588_01854"	"SA2178(+)"
2	2	1	"SA101588_01855"	"SA2179(-)"
2	2	1	"SA101588_01856"	"SA2180(-)"
2	2	1	"SA101588_01857"	"SA2181(-)"
2	2	1	"SA101588_01858"	"SA2182(-)"
2	2	1	"SA101588_01859"	"SA2183(-)"
2	2	1	"SA101588_01860"	"SA2184(-)"
2	2	1	"SA101588_01861"	"SA2185(-)"
2	2	1	"SA101588_01862"	"SA2186(-)"
2	2	1	"SA101588_01863"	"SA2187(-)"
2	2	1	"SA101588_01864"	"SA2188(-)"
2	2	1	"SA101588_01865"	"SA2189(-)"
2	2	1	"SA101588_01866"	"SA2190(-)"
2	2	1	"SA101588_01867"	"SA2191(-)"
2	2	1	"SA101588_01868"	"SA2192(-)"
2	2	1	"SA101588_01869"	"SA2193(-)"
2	2	1	"SA101588_01870"	"SA2194(-)"
2	2	1	"SA101588_01871"	"SA2197(-)"
2	2	1	"SA101588_01872"	"SA2198(-)"
2	2	1	"SA101588_01873"	"SA2199(+)"
2	2	1	"SA101588_01874"	"SA2200(-)"
2	2	1	"SA101588_01875"	"SA2201(-)"
2	2	1	"SA101588_01876"	"SA2202(-)"
2	2	1	"SA101588_01877"	"SA2203(-)"
2	2	1	"SA101588_01879"	"SA2204(-)"
2	2	1	"SA101588_01880"	"SA2205(-)"
2	2	1	"SA101588_01881"	"SA2206(+)"
2	2	1	"SA101588_01883"	"SA2207(+)"
2	2	1	"SA101588_01884"	"SA2208(+)"
2	2	1	"SA101588_01885"	"SA2209(+)"
2	2	1	"SA101588_01886"	"SA2210(-)"
2	2	1	"SA101588_01887"	"SA2211(-)"
2	2	1	"SA101588_01888"	"SA2212(-)"
2	2	1	"SA101588_01889"	"SA2213(-)"
2	2	1	"SA101588_01890"	"SA2214(-)"
2	2	1	"SA101588_01891"	"SA2215(-)"
2	2	1	"SA101588_01893"	"SA2216(-)"
2	2	1	"SA101588_01894"	"SA2217(-)"
2	2	1	"SA101588_01896"	"SA2219(-)"
2	2	1	"SA101588_01897"	"SA2220(+)"
2	2	1	"SA101588_01898"	"SA2221(+)"
2	2	1	"SA101588_01899"	"SA2222(+)"
2	2	1	"SA101588_01900"	"SA2223(-)"
2	2	1	"SA101588_01901"	"SA2224(+)"
2	2	1	"SA101588_01902"	"SA2225(-)"
2	2	1	"SA101588_01903"	"SA2226(+)"
2	2	1	"SA101588_01904"	"SA2228(+)"
2	2	1	"SA101588_01905"	"SA2229(-)"
2	2	1	"SA101588_01906"	"SA2230(+)"
2	2	1	"SA101588_01907"	"SA2231(-)"
2	2	1	"SA101588_01908"	"SA2232(-)"
2	2	1	"SA101588_01909"	"SA2233(-)"
2	2	1	"SA101588_01910"	"SA2234(-)"
2	2	1	"SA101588_01911"	"SA2235(-)"
2	2	1	"SA101588_01912"	"SA2236(-)"
2	2	1	"SA101588_01913"	"SA2237(-)"
2	2	1	"SA101588_01914"	"SA2238(-)"
2	2	1	"SA101588_01915"	"SA2239(+)"
2	2	1	"SA101588_01916"	"SA2240(+)"
2	2	1	"SA101588_01917"	"SA2241(-)"
2	2	1	"SA101588_01918"	"SA2242(-)"
2	2	1	"SA101588_01919"	"SA2243(-)"
2	2	1	"SA101588_01920"	"SA2244(-)"
2	2	1	"SA101588_01921"	"SA2247(+)"
2	2	1	"SA101588_01922"	"SA2248(-)"
2	2	1	"SA101588_01923"	"SA2249(+)"
2	2	1	"SA101588_01924"	"SA2250(-)"
2	2	1	"SA101588_01925"	"SA2251(-)"
2	2	1	"SA101588_01926"	"SA2252(-)"
2	2	1	"SA101588_01927"	"SA2253(-)"
2	2	1	"SA101588_01928"	"SA2254(-)"
2	2	1	"SA101588_01929"	"SA2255(-)"
2	2	1	"SA101588_01930"	"SA2256(-)"
2	2	1	"SA101588_01931"	"SA2257(-)"
2	2	1	"SA101588_01932"	"SA2258(-)"
2	2	1	"SA101588_01935"	"SA2260(-)"
2	2	1	"SA101588_01936"	"SA2261(+)"
2	2	1	"SA101588_01937"	"SA2262(-)"
2	2	1	"SA101588_01938"	"SA2263(-)"
2	2	1	"SA101588_01942"	"SA2264(-)"
2	2	1	"SA101588_01948"	"SA2266(-)"
2	2	1	"SA101588_01949"	"SA2267(+)"
2	2	1	"SA101588_01950"	"SA2268(-)"
2	2	1	"SA101588_01956"	"SA2273(-)"
2	2	1	"SA101588_01957"	"SA2275(-)"
2	2	1	"SA101588_01960"	"SA2279(+)"
2	2	1	"SA101588_01961"	"SA2280(+)"
2	2	1	"SA101588_01962"	"SA2281(+)"
2	2	1	"SA101588_01963"	"SA2288(-)"
2	2	1	"SA101588_01964"	"SA2290(-)"
2	2	1	"SA101588_01966"	"SA2291(-)"
2	2	1	"SA101588_01967"	"SA2293(-)"
2	2	1	"SA101588_01968"	"SA2294(-)"
2	2	1	"SA101588_01969"	"SA2295(-)"
2	2	1	"SA101588_01970"	"SA2296(-)"
2	2	1	"SA101588_01971"	"SA2297(-)"
2	2	1	"SA101588_01972"	"SA2298(-)"
2	2	1	"SA101588_01973"	"SA2299(-)"
2	2	1	"SA101588_01975"	"SA2300(-)"
2	2	1	"SA101588_01976"	"SA2301(+)"
2	2	1	"SA101588_01979"	"SA2302(+)"
2	2	1	"SA101588_01980"	"SA2303(+)"
2	2	1	"SA101588_01981"	"SA2304(+)"
2	2	1	"SA101588_01982"	"SA2305(+)"
2	2	1	"SA101588_01983"	"SA2306(-)"
2	2	1	"SA101588_01984"	"SA2307(-)"
2	2	1	"SA101588_01985"	"SA2308(-)"
2	2	1	"SA101588_01986"	"SA2309(+)"
2	2	1	"SA101588_01987"	"SA2310(+)"
2	2	1	"SA101588_01988"	"SA2311(-)"
2	2	1	"SA101588_01989"	"SA2312(+)"
2	2	1	"SA101588_01990"	"SA2313(-)"
2	2	1	"SA101588_01991"	"SA2316(-)"
2	2	1	"SA101588_01992"	"SA2317(+)"
2	2	1	"SA101588_01994"	"SA2318(-)"
2	2	1	"SA101588_01995"	"SA2319(-)"
2	2	1	"SA101588_01996"	"SA2320(-)"
2	2	1	"SA101588_01997"	"SA2321(+)"
2	2	1	"SA101588_01998"	"SA2322(+)"
2	2	1	"SA101588_01999"	"SA2323(-)"
2	2	1	"SA101588_02000"	"SA2324(-)"
2	2	1	"SA101588_02001"	"SA2325(-)"
2	2	1	"SA101588_02002"	"SA2326(-)"
2	2	1	"SA101588_02003"	"SA2327(-)"
2	2	1	"SA101588_02004"	"SA2328(-)"
2	2	1	"SA101588_02005"	"SA2329(-)"
2	2	1	"SA101588_02006"	"SA2330(-)"
2	2	1	"SA101588_02007"	"SA2331(+)"
2	2	1	"SA101588_02009"	"SA2332(+)"
2	2	1	"SA101588_02010"	"SA2333(-)"
2	2	1	"SA101588_02011"	"SA2334(+)"
2	2	1	"SA101588_02012"	"SA2335(-)"
2	2	1	"SA101588_02013"	"SA2336(+)"
2	2	1	"SA101588_02014"	"SAS088(-)"
2	2	1	"SA101588_02015"	"SA2337(-)"
2	2	1	"SA101588_02016"	"SA2338(-)"
2	2	1	"SA101588_02017"	"SA2339(-)"
2	2	1	"SA101588_02018"	"SA2340(+)"
2	2	1	"SA101588_02019"	"SA2341(-)"
2	2	1	"SA101588_02020"	"SA2342(-)"
2	2	1	"SA101588_02021"	"SA2343(+)"
2	2	1	"SA101588_02022"	"SA2344(+)"
2	2	1	"SA101588_02023"	"SA2157(+)"
2	2	1	"SA101588_02024"	"SA2156(-)"
2	2	1	"SA101588_02025"	"SA2155(-)"
2	2	1	"SA101588_02026"	"SA2154(+)"
2	2	1	"SA101588_02027"	"SA2153(+)"
2	2	1	"SA101588_02028"	"SA2152(+)"
2	2	1	"SA101588_02029"	"SA2151(+)"
2	2	1	"SA101588_02030"	"SA2150(-)"
2	2	1	"SA101588_02031"	"SA2149(-)"
2	2	1	"SA101588_02032"	"SA2148(+)"
2	2	1	"SA101588_02033"	"SA2147(-)"
2	2	1	"SA101588_02034"	"SA2146(-)"
2	2	1	"SA101588_02035"	"SA2145(-)"
2	2	1	"SA101588_02038"	"SA2144(+)"
2	2	1	"SA101588_02039"	"SA2143(-)"
2	2	1	"SA101588_02040"	"SA2142(-)"
2	2	1	"SA101588_02041"	"SA2141(+)"
2	2	1	"SA101588_02042"	"SA2140(-)"
2	2	1	"SA101588_02043"	"SA2139(+)"
2	2	1	"SA101588_02044"	"SA2138(+)"
2	2	1	"SA101588_02045"	"SA2137(-)"
2	2	1	"SA101588_02046"	"SA2136(-)"
2	2	1	"SA101588_02047"	"SA2135(+)"
2	2	1	"SA101588_02048"	"SA2134(+)"
2	2	1	"SA101588_02049"	"SA2133(-)"
2	2	1	"SA101588_02050"	"SA2132(-)"
2	2	1	"SA101588_02051"	"SA2131(-)"
2	2	1	"SA101588_02052"	"SA2130(-)"
2	2	1	"SA101588_02053"	"SA2129(-)"
2	2	1	"SA101588_02054"	"SA2128(+)"
2	2	1	"SA101588_02055"	"SA2127(-)"
2	2	1	"SA101588_02056"	"SA2126(+)"
2	2	1	"SA101588_02057"	"SA2125(-)"
2	2	1	"SA101588_02058"	"SA2123(+)"
2	2	1	"SA101588_02059"	"SA2122(-)"
2	2	1	"SA101588_02060"	"SA2121(-)"
2	2	1	"SA101588_02061"	"SA2120(-)"
2	2	1	"SA101588_02062"	"SA2119(-)"
2	2	1	"SA101588_02063"	"SA2118(-)"
2	2	1	"SA101588_02065"	"SA2117(-)"
2	2	1	"SA101588_02066"	"SA2116(-)"
2	2	1	"SA101588_02067"	"SA2115(+)"
2	2	1	"SA101588_02068"	"SA2114(-)"
2	2	1	"SA101588_02069"	"SA2113(+)"
2	2	1	"SA101588_02070"	"SA2112(-)"
2	2	1	"SA101588_02071"	"SA2111(-)"
2	2	1	"SA101588_02072"	"SAS085(-)"
2	2	1	"SA101588_02073"	"SAS084(+)"
2	2	1	"SA101588_02074"	"SA2110(+)"
2	2	1	"SA101588_02075"	"SA2109(-)"
2	2	1	"SA101588_02076"	"SA2108(+)"
2	2	1	"SA101588_02077"	"SA2107(+)"
2	2	1	"SA101588_02078"	"SA2106(-)"
2	2	1	"SA101588_02079"	"SA2105(+)"
2	2	1	"SA101588_02081"	"SA2104(-)"
2	2	1	"SA101588_02082"	"SA2103(-)"
2	2	1	"SA101588_02083"	"SA2102(-)"
2	2	1	"SA101588_02084"	"SA2101(-)"
2	2	1	"SA101588_02086"	"SA2100(-)"
2	2	1	"SA101588_02088"	"SA2099(-)"
2	2	1	"SA101588_02089"	"SA2098(+)"
2	2	1	"SA101588_02091"	"SA2097(+)"
2	2	1	"SA101588_02092"	"SA2096(+)"
2	2	1	"SA101588_02093"	"SA2095(-)"
2	2	1	"SA101588_02094"	"SA2094(-)"
2	2	1	"SA101588_02096"	"SA2093(+)"
2	2	1	"SA101588_02097"	"SA2092(-)"
2	2	1	"SA101588_02098"	"SA2091(-)"
2	2	1	"SA101588_02099"	"SA2090(-)"
2	2	1	"SA101588_02100"	"SA2089(-)"
2	2	1	"SA101588_02102"	"SA2088(+)"
2	2	1	"SA101588_02103"	"SA2087(+)"
2	2	1	"SA101588_02104"	"SA2086(+)"
2	2	1	"SA101588_02105"	"SA2085(+)"
2	2	1	"SA101588_02106"	"SA2084(+)"
2	2	1	"SA101588_02108"	"SA2083(+)"
2	2	1	"SA101588_02109"	"SA2082(+)"
2	2	1	"SA101588_02110"	"SA2081(-)"
2	2	1	"SA101588_02111"	"SA2080(-)"
2	2	1	"SA101588_02112"	"SA2079(-)"
2	2	1	"SA101588_02113"	"SA2078(-)"
2	2	1	"SA101588_02114"	"SA2077(-)"
2	2	1	"SA101588_02115"	"SA2076(-)"
2	2	1	"SA101588_02116"	"SA2075(+)"
2	2	1	"SA101588_02117"	"SA2074(-)"
2	2	1	"SA101588_02118"	"SA2073(-)"
2	2	1	"SA101588_02119"	"SA2072(-)"
2	2	1	"SA101588_02120"	"SA2071(-)"
2	2	1	"SA101588_02121"	"SA2070(-)"
2	2	1	"SA101588_02122"	"SA2069(+)"
2	2	1	"SA101588_02123"	"SA2068(-)"
2	2	1	"SA101588_02124"	"SA2067(-)"
2	2	1	"SA101588_02125"	"SA2066(-)"
2	2	1	"SA101588_02126"	"SA2065(-)"
2	2	1	"SA101588_02127"	"SA2064(-)"
2	2	1	"SA101588_02128"	"SA2063(-)"
2	2	1	"SA101588_02129"	"SAS036(-)"
2	2	1	"SA101588_02130"	"SA2062(-)"
2	2	1	"SA101588_02131"	"SA2061(+)"
2	2	1	"SA101588_02132"	"SA2060(+)"
2	2	1	"SA101588_02133"	"SA2059(-)"
2	2	1	"SA101588_02134"	"SA2058(+)"
2	2	1	"SA101588_02135"	"SA2057(-)"
2	2	1	"SA101588_02136"	"SA2056(-)"
2	2	1	"SA101588_02137"	"SA2055(+)"
2	2	1	"SA101588_02138"	"SAS081(+)"
2	2	1	"SA101588_02139"	"SA2054(-)"
2	2	1	"SA101588_02141"	"SA2053(+)"
2	2	1	"SA101588_02142"	"SA2052(+)"
2	2	1	"SA101588_02143"	"SA2051(-)"
2	2	1	"SA101588_02144"	"SA2050(-)"
2	2	1	"SA101588_02145"	"SA2049(+)"
2	2	1	"SA101588_02146"	"SA2048(-)"
2	2	1	"SA101588_02147"	"SA2047(-)"
2	2	1	"SA101588_02148"	"SA2046(-)"
2	2	1	"SA101588_02149"	"SA2045(-)"
2	2	1	"SA101588_02150"	"SA2044(-)"
2	2	1	"SA101588_02151"	"SA2043(-)"
2	2	1	"SA101588_02152"	"SA2042(-)"
2	2	1	"SA101588_02153"	"SA2041(-)"
2	2	1	"SA101588_02154"	"SA2040(-)"
2	2	1	"SA101588_02155"	"SA2039(-)"
2	2	1	"SA101588_02156"	"SA2038(-)"
2	2	1	"SA101588_02157"	"SA2037(-)"
2	2	1	"SA101588_02158"	"SA2036(-)"
2	2	1	"SA101588_02159"	"SA2035(-)"
2	2	1	"SA101588_02160"	"SAS079(-)"
2	2	1	"SA101588_02161"	"SA2034(-)"
2	2	1	"SA101588_02162"	"SA2033(-)"
2	2	1	"SA101588_02163"	"SA2032(-)"
2	2	1	"SA101588_02164"	"SA2031(-)"
2	2	1	"SA101588_02165"	"SA2030(-)"
2	2	1	"SA101588_02166"	"SA2029(-)"
2	2	1	"SA101588_02167"	"SA2028(-)"
2	2	1	"SA101588_02168"	"SA2027(-)"
2	2	1	"SA101588_02169"	"SA2026(-)"
2	2	1	"SA101588_02170"	"SAS078(-)"
2	2	1	"SA101588_02171"	"SA2025(-)"
2	2	1	"SA101588_02172"	"SA2024(-)"
2	2	1	"SA101588_02173"	"SA2023(-)"
2	2	1	"SA101588_02174"	"SA2022(-)"
2	2	1	"SA101588_02176"	"SA2021(-)"
2	2	1	"SA101588_02178"	"SA2020(-)"
2	2	1	"SA101588_02179"	"SA2019(-)"
2	2	1	"SA101588_02180"	"SA2018(-)"
2	2	1	"SA101588_02182"	"SA2017(-)"
2	2	1	"SA101588_02183"	"SA2016(-)"
2	2	1	"SA101588_02184"	"SA1866(+)"
2	2	1	"SA101588_02185"	"SA1865(+)"
2	2	1	"SA101588_02186"	"SA1864(+)"
2	2	1	"SA101588_02187"	"SA1863(+)"
2	2	1	"SA101588_02188"	"SA1862(+)"
2	2	1	"SA101588_02189"	"SA1861(+)"
2	2	1	"SA101588_02190"	"SA1860(+)"
2	2	1	"SA101588_02191"	"SA1859(+)"
2	2	1	"SA101588_02192"	"SA1858(+)"
2	2	1	"SA101588_02194"	"SA1857(-)"
2	2	1	"SA101588_02195"	"SA1856(-)"
2	2	1	"SA101588_02196"	"SA1855(-)"
2	2	1	"SA101588_02197"	"SA1854(-)"
2	2	1	"SA101588_02199"	"SA1853(+)"
2	2	1	"SA101588_02200"	"SA1852(+)"
2	2	1	"SA101588_02201"	"SA1851(-)"
2	2	1	"SA101588_02203"	"SA1850(-)"
2	2	1	"SA101588_02204"	"SA1849(-)"
2	2	1	"SA101588_02205"	"SA1848(-)"
2	2	1	"SA101588_02207"	"SA1847(-)"
2	2	1	"SA101588_02208"	"SA1846(-)"
2	2	1	"SA101588_02209"	"SA1845(-)"
2	2	1	"SA101588_02210"	"SA1844(+)"
2	2	1	"SA101588_02211"	"SA1843(+)"
2	2	1	"SA101588_02215"	"SAS065(-)"
2	2	1	"SA101588_02216"	"SA1841(+)"
2	2	1	"SA101588_02217"	"SA1840(+)"
2	2	1	"SA101588_02218"	"SA1839(-)"
2	2	1	"SA101588_02219"	"SA1838(+)"
2	2	1	"SA101588_02220"	"SA1837(-)"
2	2	1	"SA101588_02221"	"SA1836(-)"
2	2	1	"SA101588_02224"	"SA1815(+)"
2	2	1	"SA101588_02226"	"SA1814(+)"
2	2	1	"SA101588_02227"	"SA1813(-)"
2	2	1	"SA101588_02228"	"SA1812(-)"
2	2	1	"SA101588_02229"	"SA1811(+)"
2	2	1	"SA101588_02230"	"SA1751(-)"
2	2	1	"SA101588_02231"	"SA1749(+)"
2	2	1	"SA101588_02232"	"SAS057(-)"
2	2	1	"SA101588_02233"	"SA1748(-)"
2	2	1	"SA101588_02234"	"SA1747(-)"
2	2	1	"SA101588_02235"	"SA1746(-)"
2	2	1	"SA101588_02236"	"SA1745(-)"
2	2	1	"SA101588_02237"	"SA1744(-)"
2	2	1	"SA101588_02238"	"SA1743(+)"
2	2	1	"SA101588_02239"	"SA1742(-)"
2	2	1	"SA101588_02240"	"SA1741(-)"
2	2	1	"SA101588_02241"	"SA1740(-)"
2	2	1	"SA101588_02242"	"SA1739(+)"
2	2	1	"SA101588_02243"	"SAS056(-)"
2	2	1	"SA101588_02252"	"SA1737(-)"
2	2	1	"SA101588_02253"	"SA1736(+)"
2	2	1	"SA101588_02254"	"SA1735(+)"
2	2	1	"SA101588_02255"	"SA1734(+)"
2	2	1	"SA101588_02256"	"SA1733(-)"
2	2	1	"SA101588_02257"	"SA1732(-)"
2	2	1	"SA101588_02258"	"SA1731(+)"
2	2	1	"SA101588_02259"	"SA1730(+)"
2	2	1	"SA101588_02260"	"SA1729(-)"
2	2	1	"SA101588_02261"	"SA1728(-)"
2	2	1	"SA101588_02262"	"SA1727(-)"
2	2	1	"SA101588_02264"	"SA1726(+)"
2	2	1	"SA101588_02265"	"SA1725(+)"
2	2	1	"SA101588_02266"	"SA1724(-)"
2	2	1	"SA101588_02267"	"SA1723(-)"
2	2	1	"SA101588_02268"	"SA1722(-)"
2	2	1	"SA101588_02269"	"SA1721(-)"
2	2	1	"SA101588_02270"	"SA1720(-)"
2	2	1	"SA101588_02271"	"SA1719(-)"
2	2	1	"SA101588_02272"	"SA1718(+)"
2	2	1	"SA101588_02273"	"SA1717(-)"
2	2	1	"SA101588_02274"	"SA1716(-)"
2	2	1	"SA101588_02275"	"SA1715(-)"
2	2	1	"SA101588_02277"	"SA1714(-)"
2	2	1	"SA101588_02278"	"SA1713(-)"
2	2	1	"SA101588_02279"	"SA1712(-)"
2	2	1	"SA101588_02280"	"SA1711(-)"
2	2	1	"SA101588_02281"	"SA1710(+)"
2	2	1	"SA101588_02282"	"SA1709(+)"
2	2	1	"SA101588_02283"	"SA1708(-)"
2	2	1	"SA101588_02284"	"SA1707(-)"
2	2	1	"SA101588_02285"	"SA1706(-)"
2	2	1	"SA101588_02286"	"SA1705(+)"
2	2	1	"SA101588_02288"	"SA1704(-)"
2	2	1	"SA101588_02289"	"SA1703(-)"
2	2	1	"SA101588_02290"	"SA1702(-)"
2	2	1	"SA101588_02291"	"SA1701(-)"
2	2	1	"SA101588_02292"	"SA1700(-)"
2	2	1	"SA101588_02293"	"SA1699(+)"
2	2	1	"SA101588_02294"	"SA1698(+)"
2	2	1	"SA101588_02295"	"SA1697(+)"
2	2	1	"SA101588_02296"	"SA1696(-)"
2	2	1	"SA101588_02297"	"SA1695(-)"
2	2	1	"SA101588_02298"	"SA1694(-)"
2	2	1	"SA101588_02299"	"SA1693(+)"
2	2	1	"SA101588_02300"	"SAS054(-)"
2	2	1	"SA101588_02301"	"SA1692(-)"
2	2	1	"SA101588_02302"	"SA1691(-)"
2	2	1	"SA101588_02303"	"SA1690(-)"
2	2	1	"SA101588_02304"	"SA1689(-)"
2	2	1	"SA101588_02305"	"SA1688(-)"
2	2	1	"SA101588_02306"	"SA1687(-)"
2	2	1	"SA101588_02307"	"SA1686(+)"
2	2	1	"SA101588_02308"	"SA1685(-)"
2	2	1	"SA101588_02309"	"SA1684(-)"
2	2	1	"SA101588_02310"	"SA1683(-)"
2	2	1	"SA101588_02311"	"SA1682(+)"
2	2	1	"SA101588_02312"	"SA1681(+)"
2	2	1	"SA101588_02313"	"SA1680(-)"
2	2	1	"SA101588_02314"	"SA1679(-)"
2	2	1	"SA101588_02315"	"SA1678(-)"
2	2	1	"SA101588_02328"	"SA1958(-)"
2	2	1	"SA101588_02329"	"SA1957(-)"
2	2	1	"SA101588_02331"	"SA1956(+)"
2	2	1	"SA101588_02332"	"SA1948(+)"
2	2	1	"SA101588_02333"	"SA1947(+)"
2	2	1	"SA101588_02334"	"SA1946(-)"
2	2	1	"SA101588_02335"	"SA1945(-)"
2	2	1	"SA101588_02336"	"SA1944(-)"
2	2	1	"SA101588_02337"	"SA1943(-)"
2	2	1	"SA101588_02338"	"SA1942(-)"
2	2	1	"SA101588_02339"	"SA1941(-)"
2	2	1	"SA101588_02340"	"SA1940(+)"
2	2	1	"SA101588_02342"	"SA1938(-)"
2	2	1	"SA101588_02343"	"SA1937(-)"
2	2	1	"SA101588_02344"	"SA1936(+)"
2	2	1	"SA101588_02345"	"SA1935(-)"
2	2	1	"SA101588_02346"	"SA1934(-)"
2	2	1	"SA101588_02347"	"SA1933(-)"
2	2	1	"SA101588_02348"	"SA1932(+)"
2	2	1	"SA101588_02349"	"SA1931(-)"
2	2	1	"SA101588_02350"	"SA1930(-)"
2	2	1	"SA101588_02352"	"SA1929(-)"
2	2	1	"SA101588_02353"	"SA1928(+)"
2	2	1	"SA101588_02354"	"SA1927(-)"
2	2	1	"SA101588_02355"	"SA1926(-)"
2	2	1	"SA101588_02356"	"SA1925(-)"
2	2	1	"SA101588_02357"	"SA1924(-)"
2	2	1	"SA101588_02358"	"SA1923(-)"
2	2	1	"SA101588_02359"	"SA1922(-)"
2	2	1	"SA101588_02360"	"SA1921(-)"
2	2	1	"SA101588_02361"	"SA1920(-)"
2	2	1	"SA101588_02362"	"SA1919(-)"
2	2	1	"SA101588_02363"	"SA1918(-)"
2	2	1	"SA101588_02364"	"SA1917(-)"
2	2	1	"SA101588_02365"	"SA1916(-)"
2	2	1	"SA101588_02366"	"SA1915(-)"
2	2	1	"SA101588_02367"	"SA1914(-)"
2	2	1	"SA101588_02368"	"SA1913(-)"
2	2	1	"SA101588_02369"	"SA1912(-)"
2	2	1	"SA101588_02370"	"SA1911(-)"
2	2	1	"SA101588_02371"	"SA1910(-)"
2	2	1	"SA101588_02372"	"SA1909(-)"
2	2	1	"SA101588_02373"	"SA1908(-)"
2	2	1	"SA101588_02374"	"SA1907(-)"
2	2	1	"SA101588_02375"	"SA1906(-)"
2	2	1	"SA101588_02376"	"SA1905(-)"
2	2	1	"SA101588_02377"	"SA1904(-)"
2	2	1	"SA101588_02379"	"SA1903(-)"
2	2	1	"SA101588_02380"	"SA1902(-)"
2	2	1	"SA101588_02381"	"SA1901(-)"
2	2	1	"SA101588_02382"	"SA1900(+)"
2	2	1	"SA101588_02383"	"SA1899(-)"
2	2	1	"SA101588_02384"	"SA1898(-)"
2	2	1	"SA101588_02386"	"SA1897(-)"
2	2	1	"SA101588_02387"	"SA1896(-)"
2	2	1	"SA101588_02388"	"SA1895(-)"
2	2	1	"SA101588_02389"	"SA1894(-)"
2	2	1	"SA101588_02390"	"SA1893(-)"
2	2	1	"SA101588_02394"	"SA1892(+)"
2	2	1	"SA101588_02395"	"SA1891(+)"
2	2	1	"SA101588_02396"	"SA1890(-)"
2	2	1	"SA101588_02397"	"SA1889(-)"
2	2	1	"SA101588_02398"	"SAS068(-)"
2	2	1	"SA101588_02399"	"SA1888(+)"
2	2	1	"SA101588_02400"	"SA1887(-)"
2	2	1	"SA101588_02401"	"SA1886(-)"
2	2	1	"SA101588_02402"	"SA1885(-)"
2	2	1	"SA101588_02403"	"SA1883(+)"
2	2	1	"SA101588_02404"	"SA1882(+)"
2	2	1	"SA101588_02405"	"SA1881(-)"
2	2	1	"SA101588_02406"	"SA1880(-)"
2	2	1	"SA101588_02407"	"SA1879(-)"
2	2	1	"SA101588_02408"	"SA1878(-)"
2	2	1	"SA101588_02409"	"SA1877(-)"
2	2	1	"SA101588_02410"	"SA1876(-)"
2	2	1	"SA101588_02411"	"SA1875(-)"
2	2	1	"SA101588_02412"	"SA1874(-)"
2	2	1	"SA101588_02413"	"SAS067(-)"
2	2	1	"SA101588_02414"	"SA1873(-)"
2	2	1	"SA101588_02415"	"SA1872(-)"
2	2	1	"SA101588_02416"	"SA1871(-)"
2	2	1	"SA101588_02417"	"SA1870(-)"
2	2	1	"SA101588_02418"	"SA1869(-)"
2	2	1	"SA101588_02419"	"SA1868(-)"
2	2	1	"SA101588_02420"	"SA1867(-)"
2	2	1	"SA101588_02423"	"SA0522(+)"
2	2	1	"SA101588_02424"	"SA0521(+)"
2	2	1	"SA101588_02425"	"SA0520(+)"
2	2	1	"SA101588_02426"	"SA0519(+)"
2	2	1	"SA101588_02427"	"SA0518(+)"
2	2	1	"SA101588_02428"	"SA0517(+)"
2	2	1	"SA101588_02429"	"SA0516(+)"
2	2	1	"SA101588_02430"	"SA0515(-)"
2	2	1	"SA101588_02431"	"SA0514(-)"
2	2	1	"SA101588_02432"	"SA0513(+)"
2	2	1	"SA101588_02433"	"SA0512(+)"
2	2	1	"SA101588_02434"	"SA0511(+)"
2	2	1	"SA101588_02435"	"SA0510(+)"
2	2	1	"SA101588_02436"	"SA0509(+)"
2	2	1	"SA101588_02437"	"SA0508(+)"
2	2	1	"SA101588_02438"	"SA0507(-)"
2	2	1	"SA101588_02439"	"SA0506(+)"
2	2	1	"SA101588_02440"	"SA0505(+)"
2	2	1	"SA101588_02441"	"SA0504(+)"
2	2	1	"SA101588_02442"	"SA0503(+)"
2	2	1	"SA101588_02443"	"SA0502(+)"
2	2	1	"SA101588_02444"	"SA0501(+)"
2	2	1	"SA101588_02445"	"SA0500(+)"
2	2	1	"SA101588_02446"	"SA0499(+)"
2	2	1	"SA101588_02447"	"SA0498(+)"
2	2	1	"SA101588_02448"	"SA0497(+)"
2	2	1	"SA101588_02450"	"SA0496(+)"
2	2	1	"SA101588_02451"	"SA0495(+)"
2	2	1	"SA101588_02452"	"SA0494(+)"
2	2	1	"SA101588_02453"	"SA0493(+)"
2	2	1	"SA101588_02454"	"SA0492(+)"
2	2	1	"SA101588_02455"	"SA0491(+)"
2	2	1	"SA101588_02456"	"SA0490(+)"
2	2	1	"SA101588_02457"	"SA0489(+)"
2	2	1	"SA101588_02458"	"SA0488(+)"
2	2	1	"SA101588_02459"	"SA0487(+)"
2	2	1	"SA101588_02460"	"SA0486(+)"
2	2	1	"SA101588_02461"	"SA0485(+)"
2	2	1	"SA101588_02462"	"SA0484(+)"
2	2	1	"SA101588_02463"	"SA0483(+)"
2	2	1	"SA101588_02464"	"SA0482(+)"
2	2	1	"SA101588_02465"	"SA0481(+)"
2	2	1	"SA101588_02466"	"SA0480(+)"
2	2	1	"SA101588_02467"	"SA0479(-)"
2	2	1	"SA101588_02468"	"SA0478(+)"
2	2	1	"SA101588_02469"	"SA0477(+)"
2	2	1	"SA101588_02470"	"SA0476(-)"
2	2	1	"SA101588_02471"	"SA1969(-)"
2	2	1	"SA101588_02472"	"SA1970(-)"
2	2	1	"SA101588_02473"	"SA1971(-)"
2	2	1	"SA101588_02474"	"SA1972(-)"
2	2	1	"SA101588_02475"	"SA1973(-)"
2	2	1	"SA101588_02476"	"SA1974(-)"
2	2	1	"SA101588_02477"	"SA1975(-)"
2	2	1	"SA101588_02478"	"SAS074(+)"
2	2	1	"SA101588_02479"	"SA1976(-)"
2	2	1	"SA101588_02480"	"SA1977(-)"
2	2	1	"SA101588_02481"	"SA1978(-)"
2	2	1	"SA101588_02482"	"SA1979(-)"
2	2	1	"SA101588_02483"	"SA1980(-)"
2	2	1	"SA101588_02484"	"SA1981(-)"
2	2	1	"SA101588_02485"	"SA1982(-)"
2	2	1	"SA101588_02486"	"SA1983(+)"
2	2	1	"SA101588_02487"	"SA1984(-)"
2	2	1	"SA101588_02488"	"SA1985(-)"
2	2	1	"SA101588_02489"	"SA1986(-)"
2	2	1	"SA101588_02490"	"SA1987(-)"
2	2	1	"SA101588_02491"	"SA1988(-)"
2	2	1	"SA101588_02492"	"SA1989(-)"
2	2	1	"SA101588_02493"	"SA1990(-)"
2	2	1	"SA101588_02494"	"SA1991(-)"
2	2	1	"SA101588_02495"	"SA1992(-)"
2	2	1	"SA101588_02496"	"SA1993(-)"
2	2	1	"SA101588_02497"	"SA1994(-)"
2	2	1	"SA101588_02498"	"SA1995(-)"
2	2	1	"SA101588_02499"	"SA1996(-)"
2	2	1	"SA101588_02500"	"SA1997(-)"
2	2	1	"SA101588_02501"	"SA1998(-)"
2	2	1	"SA101588_02502"	"SA1999(+)"
2	2	1	"SA101588_02505"	"SA2001(-)"
2	2	1	"SA101588_02506"	"SA2002(-)"
2	2	1	"SA101588_02508"	"SA2003(+)"
2	2	1	"SA101588_02509"	"SA2004(-)"
2	2	1	"SA101588_02512"	"SA2005(-)"
2	2	1	"SA101588_02513"	"SA2006(+)"
2	2	1	"SA101588_02514"	"SA2007(-)"
2	2	1	"SA101588_02515"	"SA2008(-)"
2	2	1	"SA101588_02516"	"SA0439(+)"
2	2	1	"SA101588_02517"	"SA0440(+)"
2	2	1	"SA101588_02518"	"SA0441(+)"
2	2	1	"SA101588_02519"	"SA0442(+)"
2	2	1	"SA101588_02520"	"SA0443(+)"
2	2	1	"SA101588_02521"	"SA0444(+)"
2	2	1	"SA101588_02522"	"SA0445(+)"
2	2	1	"SA101588_02523"	"SA0446(+)"
2	2	1	"SA101588_02524"	"SA0447(+)"
2	2	1	"SA101588_02525"	"SA0448(+)"
2	2	1	"SA101588_02526"	"SA0449(+)"
2	2	1	"SA101588_02527"	"SA0450(+)"
2	2	1	"SA101588_02528"	"SA0451(+)"
2	2	1	"SA101588_02529"	"SA0452(+)"
2	2	1	"SA101588_02530"	"SA0453(+)"
2	2	1	"SA101588_02531"	"SA0454(+)"
2	2	1	"SA101588_02532"	"SA0455(+)"
2	2	1	"SA101588_02533"	"SA0456(+)"
2	2	1	"SA101588_02534"	"SA0457(+)"
2	2	1	"SA101588_02535"	"SA0458(+)"
2	2	1	"SA101588_02536"	"SA0459(+)"
2	2	1	"SA101588_02537"	"SA0460(+)"
2	2	1	"SA101588_02538"	"SA0461(+)"
2	2	1	"SA101588_02539"	"SA0462(+)"
2	2	1	"SA101588_02540"	"SA0463(+)"
2	2	1	"SA101588_02541"	"SA0464(+)"
2	2	1	"SA101588_02542"	"SA0465(+)"
2	2	1	"SA101588_02543"	"SA0466(+)"
2	2	1	"SA101588_02544"	"SA0467(+)"
2	2	1	"SA101588_02545"	"SA0468(+)"
2	2	1	"SA101588_02546"	"SA0469(+)"
2	2	1	"SA101588_02547"	"SA0470(+)"
2	2	1	"SA101588_02548"	"SA0471(+)"
2	2	1	"SA101588_02549"	"SA0472(+)"
2	2	1	"SA101588_02550"	"SA0473(+)"
2	2	1	"SA101588_02551"	"SA0474(+)"
2	2	1	"SA101588_02552"	"SA0475(+)"
2	2	1	"SA101588_02574"	"SA1649(-)"
2	2	1	"SA101588_02575"	"SA1650(-)"
2	2	1	"SA101588_02576"	"SA1651(-)"
2	2	1	"SA101588_02577"	"SA1652(-)"
2	2	1	"SA101588_02578"	"SA1653(+)"
2	2	1	"SA101588_02579"	"SA1654(-)"
2	2	1	"SA101588_02580"	"SA1655(-)"
2	2	1	"SA101588_02581"	"SA1656(+)"
2	2	1	"SA101588_02582"	"SA1657(+)"
2	2	1	"SA101588_02584"	"SA1658(+)"
2	2	1	"SA101588_02585"	"SA1659(+)"
2	2	1	"SA101588_02586"	"SA1660(-)"
2	2	1	"SA101588_02587"	"SA1661(-)"
2	2	1	"SA101588_02588"	"SA1662(-)"
2	2	1	"SA101588_02589"	"SA1663(-)"
2	2	1	"SA101588_02590"	"SA1664(-)"
2	2	1	"SA101588_02591"	"SA1665(-)"
2	2	1	"SA101588_02592"	"SA1666(-)"
2	2	1	"SA101588_02593"	"SA1667(-)"
2	2	1	"SA101588_02595"	"SA1668(+)"
2	2	1	"SA101588_02596"	"SA1669(-)"
2	2	1	"SA101588_02597"	"SA1670(-)"
2	2	1	"SA101588_02598"	"SAS053(-)"
2	2	1	"SA101588_02599"	"SA1671(-)"
2	2	1	"SA101588_02600"	"SA1672(-)"
2	2	1	"SA101588_02601"	"SA1673(-)"
2	2	1	"SA101588_02602"	"SA1674(-)"
2	2	1	"SA101588_02603"	"SA1675(-)"
2	2	1	"SA101588_02604"	"SA1676(-)"
2	2	1	"SA101588_02700"	"SA1959(-)"
2	2	1	"SA101588_02702"	"SA1960(+)"
2	2	1	"SA101588_02703"	"SA1961(+)"
2	2	1	"SA101588_02704"	"SA1962(+)"
2	2	1	"SA101588_02705"	"SA1963(+)"
2	2	1	"SA101588_02706"	"SA1964(-)"
2	2	1	"SA101588_02707"	"SA1965(-)"
2	2	1	"SA101588_02708"	"SA1966(-)"
2	2	1	"SA101588_02709"	"SA1967(-)"
2	2	1	"SA101588_02710"	"SA1968(-)"
2	2	1	"SA101588_02753"	"SA0029(-)"
2	2	1	"SA101588_02757"	"SA0033(-)"
2	2	1	"SA101588_02760"	"SA0036(+)"
2	2	1	"SA101588_02761"	"SA0037(+)"
2	2	1	"SA101588_02762"	"SA0038(-)"
2	2	1	"SA101588_02779"	"SA0055(-)"
